Gromova,Shevtsova,alyrzaeva.xml,1
Gromova,Swayze,alyrzaeva.xml,1
Gromova,Gere,alyrzaeva.xml,1
Gromova,Roberts,alyrzaeva.xml,1
Gromova,Celentano,alyrzaeva.xml,1
Gromova,Delon,alyrzaeva.xml,1
Gromova,Loren,alyrzaeva.xml,1
Shevtsova,Gromova,alyrzaeva.xml,1
Shevtsova,Swayze,alyrzaeva.xml,1
Shevtsova,Gere,alyrzaeva.xml,1
Shevtsova,Roberts,alyrzaeva.xml,1
Shevtsova,Celentano,alyrzaeva.xml,1
Shevtsova,Delon,alyrzaeva.xml,1
Shevtsova,Loren,alyrzaeva.xml,1
Swayze,Gromova,alyrzaeva.xml,1
Swayze,Shevtsova,alyrzaeva.xml,1
Swayze,Gere,alyrzaeva.xml,1
Swayze,Roberts,alyrzaeva.xml,1
Swayze,Celentano,alyrzaeva.xml,1
Swayze,Delon,alyrzaeva.xml,1
Swayze,Loren,alyrzaeva.xml,1
Gere,Gromova,alyrzaeva.xml,1
Gere,Shevtsova,alyrzaeva.xml,1
Gere,Swayze,alyrzaeva.xml,1
Gere,Roberts,alyrzaeva.xml,1
Gere,Celentano,alyrzaeva.xml,1
Gere,Delon,alyrzaeva.xml,1
Gere,Loren,alyrzaeva.xml,1
Roberts,Gromova,alyrzaeva.xml,1
Roberts,Shevtsova,alyrzaeva.xml,1
Roberts,Swayze,alyrzaeva.xml,1
Roberts,Gere,alyrzaeva.xml,1
Roberts,Celentano,alyrzaeva.xml,1
Roberts,Delon,alyrzaeva.xml,1
Roberts,Loren,alyrzaeva.xml,1
Celentano,Gromova,alyrzaeva.xml,1
Celentano,Shevtsova,alyrzaeva.xml,1
Celentano,Swayze,alyrzaeva.xml,1
Celentano,Gere,alyrzaeva.xml,1
Celentano,Roberts,alyrzaeva.xml,1
Celentano,Delon,alyrzaeva.xml,1
Celentano,Loren,alyrzaeva.xml,1
Delon,Gromova,alyrzaeva.xml,1
Delon,Shevtsova,alyrzaeva.xml,1
Delon,Swayze,alyrzaeva.xml,1
Delon,Gere,alyrzaeva.xml,1
Delon,Roberts,alyrzaeva.xml,1
Delon,Celentano,alyrzaeva.xml,1
Delon,Loren,alyrzaeva.xml,1
Delon,Bondarchuk,efimova.xml,1
Delon,Tolstoi,efimova.xml,1
Delon,Gaidai,efimova.xml,1
Delon,Dumas,efimova.xml,1
Delon,Mikhalkov,efimova.xml,1
Delon,Schneider,efimova.xml,1
Delon,deFunes,efimova.xml,1
Delon,Brezhnev,efimova.xml,1
Delon,Gubenko,efimova.xml,1
Delon,Bolotova,efimova.xml,1
Delon,Gabin,efimova.xml,1
Delon,Monroe,efimova.xml,1
Delon,Savel'eva,efimova.xml,1
Delon,Rostova,efimova.xml,1
Delon,Bulgakov,efimova.xml,1
Delon,Nicholson,efimova.xml,1
Delon,Riazanov,efimova.xml,1
Delon,Seryi,efimova.xml,1
Delon,Mironov,efimova.xml,1
Delon,Papanov,efimova.xml,1
Delon,Mkrtchian,efimova.xml,1
Loren,Gromova,alyrzaeva.xml,1
Loren,Shevtsova,alyrzaeva.xml,1
Loren,Swayze,alyrzaeva.xml,1
Loren,Gere,alyrzaeva.xml,1
Loren,Roberts,alyrzaeva.xml,1
Loren,Celentano,alyrzaeva.xml,1
Loren,Delon,alyrzaeva.xml,1
Chkalov,Chaplin,chistiakova.xml,1
Chkalov,Khalodnaia,chistiakova.xml,1
Chkalov,Dietrich,chistiakova.xml,1
Chkalov,Garbo,chistiakova.xml,1
Chkalov,Zheimo,chistiakova.xml,1
Chkalov,Garin,chistiakova.xml,1
Chkalov,Ranevskaia,chistiakova.xml,1
Chkalov,Strauss,chistiakova.xml,1
Chkalov,Rybnikov,chistiakova.xml,1
Chkalov,Il'inskii,chistiakova.xml,1
Chkalov,Bondarchuk,chistiakova.xml,1
Chkalov,Chekhov,chistiakova.xml,1
Chkalov,Dostoevskii,chistiakova.xml,1
Chkalov,Tolstoi,chistiakova.xml,1
Chkalov,Tolstoi,chistiakova.xml,1
Chkalov,Turgenev,chistiakova.xml,1
Chkalov,Smoktunovskii,chistiakova.xml,1
Chkalov,Basilashvili,chistiakova.xml,1
Chkalov,Freindlikh,chistiakova.xml,1
Chkalov,Kuznetsov,chistiakova.xml,1
Chkalov,Kuznetsov,chistiakova.xml,1
Chkalov,Batalov,chistiakova.xml,1
Chaplin,Chkalov,chistiakova.xml,1
Chaplin,Khalodnaia,chistiakova.xml,1
Chaplin,Dietrich,chistiakova.xml,1
Chaplin,Garbo,chistiakova.xml,1
Chaplin,Zheimo,chistiakova.xml,1
Chaplin,Garin,chistiakova.xml,1
Chaplin,Ranevskaia,chistiakova.xml,1
Chaplin,Strauss,chistiakova.xml,1
Chaplin,Rybnikov,chistiakova.xml,1
Chaplin,Il'inskii,chistiakova.xml,1
Chaplin,Bondarchuk,chistiakova.xml,1
Chaplin,Chekhov,chistiakova.xml,1
Chaplin,Dostoevskii,chistiakova.xml,1
Chaplin,Tolstoi,chistiakova.xml,1
Chaplin,Tolstoi,chistiakova.xml,1
Chaplin,Turgenev,chistiakova.xml,1
Chaplin,Smoktunovskii,chistiakova.xml,1
Chaplin,Basilashvili,chistiakova.xml,1
Chaplin,Freindlikh,chistiakova.xml,1
Chaplin,Kuznetsov,chistiakova.xml,1
Chaplin,Kuznetsov,chistiakova.xml,1
Chaplin,Batalov,chistiakova.xml,1
Chaplin,deNiro,pavlov.xml,1
Chaplin,Pacino,pavlov.xml,1
Chaplin,Christie,pavlov.xml,1
Khalodnaia,Chkalov,chistiakova.xml,1
Khalodnaia,Chaplin,chistiakova.xml,1
Khalodnaia,Dietrich,chistiakova.xml,1
Khalodnaia,Garbo,chistiakova.xml,1
Khalodnaia,Zheimo,chistiakova.xml,1
Khalodnaia,Garin,chistiakova.xml,1
Khalodnaia,Ranevskaia,chistiakova.xml,1
Khalodnaia,Strauss,chistiakova.xml,1
Khalodnaia,Rybnikov,chistiakova.xml,1
Khalodnaia,Il'inskii,chistiakova.xml,1
Khalodnaia,Bondarchuk,chistiakova.xml,1
Khalodnaia,Chekhov,chistiakova.xml,1
Khalodnaia,Dostoevskii,chistiakova.xml,1
Khalodnaia,Tolstoi,chistiakova.xml,1
Khalodnaia,Tolstoi,chistiakova.xml,1
Khalodnaia,Turgenev,chistiakova.xml,1
Khalodnaia,Smoktunovskii,chistiakova.xml,1
Khalodnaia,Basilashvili,chistiakova.xml,1
Khalodnaia,Freindlikh,chistiakova.xml,1
Khalodnaia,Kuznetsov,chistiakova.xml,1
Khalodnaia,Kuznetsov,chistiakova.xml,1
Khalodnaia,Batalov,chistiakova.xml,1
Dietrich,Chkalov,chistiakova.xml,1
Dietrich,Chaplin,chistiakova.xml,1
Dietrich,Khalodnaia,chistiakova.xml,1
Dietrich,Garbo,chistiakova.xml,1
Dietrich,Zheimo,chistiakova.xml,1
Dietrich,Garin,chistiakova.xml,1
Dietrich,Ranevskaia,chistiakova.xml,1
Dietrich,Strauss,chistiakova.xml,1
Dietrich,Rybnikov,chistiakova.xml,1
Dietrich,Il'inskii,chistiakova.xml,1
Dietrich,Bondarchuk,chistiakova.xml,1
Dietrich,Chekhov,chistiakova.xml,1
Dietrich,Dostoevskii,chistiakova.xml,1
Dietrich,Tolstoi,chistiakova.xml,1
Dietrich,Tolstoi,chistiakova.xml,1
Dietrich,Turgenev,chistiakova.xml,1
Dietrich,Smoktunovskii,chistiakova.xml,1
Dietrich,Basilashvili,chistiakova.xml,1
Dietrich,Freindlikh,chistiakova.xml,1
Dietrich,Kuznetsov,chistiakova.xml,1
Dietrich,Kuznetsov,chistiakova.xml,1
Dietrich,Batalov,chistiakova.xml,1
Garbo,Chkalov,chistiakova.xml,1
Garbo,Chaplin,chistiakova.xml,1
Garbo,Khalodnaia,chistiakova.xml,1
Garbo,Dietrich,chistiakova.xml,1
Garbo,Zheimo,chistiakova.xml,1
Garbo,Garin,chistiakova.xml,1
Garbo,Ranevskaia,chistiakova.xml,1
Garbo,Strauss,chistiakova.xml,1
Garbo,Rybnikov,chistiakova.xml,1
Garbo,Il'inskii,chistiakova.xml,1
Garbo,Bondarchuk,chistiakova.xml,1
Garbo,Chekhov,chistiakova.xml,1
Garbo,Dostoevskii,chistiakova.xml,1
Garbo,Tolstoi,chistiakova.xml,1
Garbo,Tolstoi,chistiakova.xml,1
Garbo,Turgenev,chistiakova.xml,1
Garbo,Smoktunovskii,chistiakova.xml,1
Garbo,Basilashvili,chistiakova.xml,1
Garbo,Freindlikh,chistiakova.xml,1
Garbo,Kuznetsov,chistiakova.xml,1
Garbo,Kuznetsov,chistiakova.xml,1
Garbo,Batalov,chistiakova.xml,1
Zheimo,Chkalov,chistiakova.xml,1
Zheimo,Chaplin,chistiakova.xml,1
Zheimo,Khalodnaia,chistiakova.xml,1
Zheimo,Dietrich,chistiakova.xml,1
Zheimo,Garbo,chistiakova.xml,1
Zheimo,Garin,chistiakova.xml,1
Zheimo,Ranevskaia,chistiakova.xml,1
Zheimo,Strauss,chistiakova.xml,1
Zheimo,Rybnikov,chistiakova.xml,1
Zheimo,Il'inskii,chistiakova.xml,1
Zheimo,Bondarchuk,chistiakova.xml,1
Zheimo,Chekhov,chistiakova.xml,1
Zheimo,Dostoevskii,chistiakova.xml,1
Zheimo,Tolstoi,chistiakova.xml,1
Zheimo,Tolstoi,chistiakova.xml,1
Zheimo,Turgenev,chistiakova.xml,1
Zheimo,Smoktunovskii,chistiakova.xml,1
Zheimo,Basilashvili,chistiakova.xml,1
Zheimo,Freindlikh,chistiakova.xml,1
Zheimo,Kuznetsov,chistiakova.xml,1
Zheimo,Kuznetsov,chistiakova.xml,1
Zheimo,Batalov,chistiakova.xml,1
Garin,Chkalov,chistiakova.xml,1
Garin,Chaplin,chistiakova.xml,1
Garin,Khalodnaia,chistiakova.xml,1
Garin,Dietrich,chistiakova.xml,1
Garin,Garbo,chistiakova.xml,1
Garin,Zheimo,chistiakova.xml,1
Garin,Ranevskaia,chistiakova.xml,1
Garin,Strauss,chistiakova.xml,1
Garin,Rybnikov,chistiakova.xml,1
Garin,Il'inskii,chistiakova.xml,1
Garin,Bondarchuk,chistiakova.xml,1
Garin,Chekhov,chistiakova.xml,1
Garin,Dostoevskii,chistiakova.xml,1
Garin,Tolstoi,chistiakova.xml,1
Garin,Tolstoi,chistiakova.xml,1
Garin,Turgenev,chistiakova.xml,1
Garin,Smoktunovskii,chistiakova.xml,1
Garin,Basilashvili,chistiakova.xml,1
Garin,Freindlikh,chistiakova.xml,1
Garin,Kuznetsov,chistiakova.xml,1
Garin,Kuznetsov,chistiakova.xml,1
Garin,Batalov,chistiakova.xml,1
Ranevskaia,Chkalov,chistiakova.xml,1
Ranevskaia,Chaplin,chistiakova.xml,1
Ranevskaia,Khalodnaia,chistiakova.xml,1
Ranevskaia,Dietrich,chistiakova.xml,1
Ranevskaia,Garbo,chistiakova.xml,1
Ranevskaia,Zheimo,chistiakova.xml,1
Ranevskaia,Garin,chistiakova.xml,1
Ranevskaia,Strauss,chistiakova.xml,1
Ranevskaia,Rybnikov,chistiakova.xml,1
Ranevskaia,Il'inskii,chistiakova.xml,1
Ranevskaia,Bondarchuk,chistiakova.xml,1
Ranevskaia,Chekhov,chistiakova.xml,1
Ranevskaia,Dostoevskii,chistiakova.xml,1
Ranevskaia,Tolstoi,chistiakova.xml,1
Ranevskaia,Tolstoi,chistiakova.xml,1
Ranevskaia,Turgenev,chistiakova.xml,1
Ranevskaia,Smoktunovskii,chistiakova.xml,1
Ranevskaia,Basilashvili,chistiakova.xml,1
Ranevskaia,Freindlikh,chistiakova.xml,1
Ranevskaia,Kuznetsov,chistiakova.xml,1
Ranevskaia,Kuznetsov,chistiakova.xml,1
Ranevskaia,Batalov,chistiakova.xml,1
Strauss,Chkalov,chistiakova.xml,1
Strauss,Chaplin,chistiakova.xml,1
Strauss,Khalodnaia,chistiakova.xml,1
Strauss,Dietrich,chistiakova.xml,1
Strauss,Garbo,chistiakova.xml,1
Strauss,Zheimo,chistiakova.xml,1
Strauss,Garin,chistiakova.xml,1
Strauss,Ranevskaia,chistiakova.xml,1
Strauss,Rybnikov,chistiakova.xml,1
Strauss,Il'inskii,chistiakova.xml,1
Strauss,Bondarchuk,chistiakova.xml,1
Strauss,Chekhov,chistiakova.xml,1
Strauss,Dostoevskii,chistiakova.xml,1
Strauss,Tolstoi,chistiakova.xml,1
Strauss,Tolstoi,chistiakova.xml,1
Strauss,Turgenev,chistiakova.xml,1
Strauss,Smoktunovskii,chistiakova.xml,1
Strauss,Basilashvili,chistiakova.xml,1
Strauss,Freindlikh,chistiakova.xml,1
Strauss,Kuznetsov,chistiakova.xml,1
Strauss,Kuznetsov,chistiakova.xml,1
Strauss,Batalov,chistiakova.xml,1
Rybnikov,Chkalov,chistiakova.xml,1
Rybnikov,Chaplin,chistiakova.xml,1
Rybnikov,Khalodnaia,chistiakova.xml,1
Rybnikov,Dietrich,chistiakova.xml,1
Rybnikov,Garbo,chistiakova.xml,1
Rybnikov,Zheimo,chistiakova.xml,1
Rybnikov,Garin,chistiakova.xml,1
Rybnikov,Ranevskaia,chistiakova.xml,1
Rybnikov,Strauss,chistiakova.xml,1
Rybnikov,Il'inskii,chistiakova.xml,1
Rybnikov,Bondarchuk,chistiakova.xml,1
Rybnikov,Chekhov,chistiakova.xml,1
Rybnikov,Dostoevskii,chistiakova.xml,1
Rybnikov,Tolstoi,chistiakova.xml,1
Rybnikov,Tolstoi,chistiakova.xml,1
Rybnikov,Turgenev,chistiakova.xml,1
Rybnikov,Smoktunovskii,chistiakova.xml,1
Rybnikov,Basilashvili,chistiakova.xml,1
Rybnikov,Freindlikh,chistiakova.xml,1
Rybnikov,Kuznetsov,chistiakova.xml,1
Rybnikov,Kuznetsov,chistiakova.xml,1
Rybnikov,Batalov,chistiakova.xml,1
Il'inskii,Chkalov,chistiakova.xml,1
Il'inskii,Chaplin,chistiakova.xml,1
Il'inskii,Khalodnaia,chistiakova.xml,1
Il'inskii,Dietrich,chistiakova.xml,1
Il'inskii,Garbo,chistiakova.xml,1
Il'inskii,Zheimo,chistiakova.xml,1
Il'inskii,Garin,chistiakova.xml,1
Il'inskii,Ranevskaia,chistiakova.xml,1
Il'inskii,Strauss,chistiakova.xml,1
Il'inskii,Rybnikov,chistiakova.xml,1
Il'inskii,Bondarchuk,chistiakova.xml,1
Il'inskii,Chekhov,chistiakova.xml,1
Il'inskii,Dostoevskii,chistiakova.xml,1
Il'inskii,Tolstoi,chistiakova.xml,1
Il'inskii,Tolstoi,chistiakova.xml,1
Il'inskii,Turgenev,chistiakova.xml,1
Il'inskii,Smoktunovskii,chistiakova.xml,1
Il'inskii,Basilashvili,chistiakova.xml,1
Il'inskii,Freindlikh,chistiakova.xml,1
Il'inskii,Kuznetsov,chistiakova.xml,1
Il'inskii,Kuznetsov,chistiakova.xml,1
Il'inskii,Batalov,chistiakova.xml,1
Bondarchuk,Delon,efimova.xml,1
Bondarchuk,Chkalov,chistiakova.xml,1
Bondarchuk,Chaplin,chistiakova.xml,1
Bondarchuk,Khalodnaia,chistiakova.xml,1
Bondarchuk,Dietrich,chistiakova.xml,1
Bondarchuk,Garbo,chistiakova.xml,1
Bondarchuk,Zheimo,chistiakova.xml,1
Bondarchuk,Garin,chistiakova.xml,1
Bondarchuk,Ranevskaia,chistiakova.xml,1
Bondarchuk,Strauss,chistiakova.xml,1
Bondarchuk,Rybnikov,chistiakova.xml,1
Bondarchuk,Il'inskii,chistiakova.xml,1
Bondarchuk,Chekhov,chistiakova.xml,1
Bondarchuk,Dostoevskii,chistiakova.xml,1
Bondarchuk,Tolstoi,chistiakova.xml,1
Bondarchuk,Tolstoi,chistiakova.xml,2
Bondarchuk,Tolstoi,efimova.xml,2
Bondarchuk,Turgenev,chistiakova.xml,1
Bondarchuk,Smoktunovskii,chistiakova.xml,1
Bondarchuk,Basilashvili,chistiakova.xml,1
Bondarchuk,Freindlikh,chistiakova.xml,1
Bondarchuk,Kuznetsov,chistiakova.xml,1
Bondarchuk,Kuznetsov,chistiakova.xml,1
Bondarchuk,Batalov,chistiakova.xml,1
Bondarchuk,Gaidai,efimova.xml,1
Bondarchuk,Dumas,efimova.xml,1
Bondarchuk,Mikhalkov,efimova.xml,1
Bondarchuk,Schneider,efimova.xml,1
Bondarchuk,deFunes,efimova.xml,1
Bondarchuk,Brezhnev,efimova.xml,1
Bondarchuk,Gubenko,efimova.xml,1
Bondarchuk,Bolotova,efimova.xml,1
Bondarchuk,Gabin,efimova.xml,1
Bondarchuk,Monroe,efimova.xml,1
Bondarchuk,Savel'eva,efimova.xml,1
Bondarchuk,Rostova,efimova.xml,1
Bondarchuk,Bulgakov,efimova.xml,1
Bondarchuk,Nicholson,efimova.xml,1
Bondarchuk,Riazanov,efimova.xml,1
Bondarchuk,Seryi,efimova.xml,1
Bondarchuk,Mironov,efimova.xml,1
Bondarchuk,Papanov,efimova.xml,1
Bondarchuk,Mkrtchian,efimova.xml,1
Bondarchuk,Tarkovskii,levental-v.xml,1
Bondarchuk,Pasolini,levental-v.xml,1
Bondarchuk,Fellini,levental-v.xml,1
Bondarchuk,Lynch,levental-v.xml,1
Bondarchuk,vonTrier,levental-v.xml,1
Bondarchuk,Lee,levental-v.xml,1
Bondarchuk,Rubinchik,levental-v.xml,1
Bondarchuk,Cruise,levental-v.xml,1
Bondarchuk,Hopkins,levental-v.xml,1
Bondarchuk,Eisenstein,levental-v.xml,1
Bondarchuk,Vertov,levental-v.xml,1
Bondarchuk,Bertolucci,levental-v.xml,1
Bondarchuk,Greenaway,levental-v.xml,1
Bondarchuk,Carax,levental-v.xml,1
Bondarchuk,Jackson,levental-v.xml,1
Bondarchuk,Trofimenkov,levental-v.xml,1
Bondarchuk,Volobuev,levental-v.xml,1
Bondarchuk,Chuviliaev,levental-v.xml,1
Chekhov,Chkalov,chistiakova.xml,1
Chekhov,Chaplin,chistiakova.xml,1
Chekhov,Khalodnaia,chistiakova.xml,1
Chekhov,Dietrich,chistiakova.xml,1
Chekhov,Garbo,chistiakova.xml,1
Chekhov,Zheimo,chistiakova.xml,1
Chekhov,Garin,chistiakova.xml,1
Chekhov,Ranevskaia,chistiakova.xml,1
Chekhov,Strauss,chistiakova.xml,1
Chekhov,Rybnikov,chistiakova.xml,1
Chekhov,Il'inskii,chistiakova.xml,1
Chekhov,Bondarchuk,chistiakova.xml,1
Chekhov,Dostoevskii,chistiakova.xml,1
Chekhov,Tolstoi,chistiakova.xml,1
Chekhov,Tolstoi,chistiakova.xml,1
Chekhov,Turgenev,chistiakova.xml,1
Chekhov,Smoktunovskii,chistiakova.xml,1
Chekhov,Basilashvili,chistiakova.xml,1
Chekhov,Freindlikh,chistiakova.xml,1
Chekhov,Kuznetsov,chistiakova.xml,1
Chekhov,Kuznetsov,chistiakova.xml,1
Chekhov,Batalov,chistiakova.xml,1
Dostoevskii,Chkalov,chistiakova.xml,1
Dostoevskii,Chaplin,chistiakova.xml,1
Dostoevskii,Khalodnaia,chistiakova.xml,1
Dostoevskii,Dietrich,chistiakova.xml,1
Dostoevskii,Garbo,chistiakova.xml,1
Dostoevskii,Zheimo,chistiakova.xml,1
Dostoevskii,Garin,chistiakova.xml,1
Dostoevskii,Ranevskaia,chistiakova.xml,1
Dostoevskii,Strauss,chistiakova.xml,1
Dostoevskii,Rybnikov,chistiakova.xml,1
Dostoevskii,Il'inskii,chistiakova.xml,1
Dostoevskii,Bondarchuk,chistiakova.xml,1
Dostoevskii,Chekhov,chistiakova.xml,1
Dostoevskii,Tolstoi,chistiakova.xml,1
Dostoevskii,Tolstoi,chistiakova.xml,1
Dostoevskii,Turgenev,chistiakova.xml,1
Dostoevskii,Smoktunovskii,chistiakova.xml,1
Dostoevskii,Basilashvili,chistiakova.xml,1
Dostoevskii,Freindlikh,chistiakova.xml,1
Dostoevskii,Kuznetsov,chistiakova.xml,1
Dostoevskii,Kuznetsov,chistiakova.xml,1
Dostoevskii,Batalov,chistiakova.xml,1
Tolstoi,Chkalov,chistiakova.xml,1
Tolstoi,Chaplin,chistiakova.xml,1
Tolstoi,Khalodnaia,chistiakova.xml,1
Tolstoi,Dietrich,chistiakova.xml,1
Tolstoi,Garbo,chistiakova.xml,1
Tolstoi,Zheimo,chistiakova.xml,1
Tolstoi,Garin,chistiakova.xml,1
Tolstoi,Ranevskaia,chistiakova.xml,1
Tolstoi,Strauss,chistiakova.xml,1
Tolstoi,Rybnikov,chistiakova.xml,1
Tolstoi,Il'inskii,chistiakova.xml,1
Tolstoi,Bondarchuk,chistiakova.xml,1
Tolstoi,Chekhov,chistiakova.xml,1
Tolstoi,Dostoevskii,chistiakova.xml,1
Tolstoi,Tolstoi,chistiakova.xml,1
Tolstoi,Turgenev,chistiakova.xml,1
Tolstoi,Smoktunovskii,chistiakova.xml,1
Tolstoi,Basilashvili,chistiakova.xml,1
Tolstoi,Freindlikh,chistiakova.xml,1
Tolstoi,Kuznetsov,chistiakova.xml,1
Tolstoi,Kuznetsov,chistiakova.xml,1
Tolstoi,Batalov,chistiakova.xml,1
Tolstoi,Delon,efimova.xml,1
Tolstoi,Chkalov,chistiakova.xml,1
Tolstoi,Chaplin,chistiakova.xml,1
Tolstoi,Khalodnaia,chistiakova.xml,1
Tolstoi,Dietrich,chistiakova.xml,1
Tolstoi,Garbo,chistiakova.xml,1
Tolstoi,Zheimo,chistiakova.xml,1
Tolstoi,Garin,chistiakova.xml,1
Tolstoi,Ranevskaia,chistiakova.xml,1
Tolstoi,Strauss,chistiakova.xml,1
Tolstoi,Rybnikov,chistiakova.xml,1
Tolstoi,Il'inskii,chistiakova.xml,1
Tolstoi,Bondarchuk,chistiakova.xml,2
Tolstoi,Bondarchuk,efimova.xml,2
Tolstoi,Chekhov,chistiakova.xml,1
Tolstoi,Dostoevskii,chistiakova.xml,1
Tolstoi,Tolstoi,chistiakova.xml,1
Tolstoi,Turgenev,chistiakova.xml,1
Tolstoi,Smoktunovskii,chistiakova.xml,1
Tolstoi,Basilashvili,chistiakova.xml,1
Tolstoi,Freindlikh,chistiakova.xml,1
Tolstoi,Kuznetsov,chistiakova.xml,1
Tolstoi,Kuznetsov,chistiakova.xml,1
Tolstoi,Batalov,chistiakova.xml,1
Tolstoi,Gaidai,efimova.xml,1
Tolstoi,Dumas,efimova.xml,1
Tolstoi,Mikhalkov,efimova.xml,1
Tolstoi,Schneider,efimova.xml,1
Tolstoi,deFunes,efimova.xml,1
Tolstoi,Brezhnev,efimova.xml,1
Tolstoi,Gubenko,efimova.xml,1
Tolstoi,Bolotova,efimova.xml,1
Tolstoi,Gabin,efimova.xml,1
Tolstoi,Monroe,efimova.xml,1
Tolstoi,Savel'eva,efimova.xml,1
Tolstoi,Rostova,efimova.xml,1
Tolstoi,Bulgakov,efimova.xml,1
Tolstoi,Nicholson,efimova.xml,1
Tolstoi,Riazanov,efimova.xml,1
Tolstoi,Seryi,efimova.xml,1
Tolstoi,Mironov,efimova.xml,1
Tolstoi,Papanov,efimova.xml,1
Tolstoi,Mkrtchian,efimova.xml,1
Turgenev,Chkalov,chistiakova.xml,1
Turgenev,Chaplin,chistiakova.xml,1
Turgenev,Khalodnaia,chistiakova.xml,1
Turgenev,Dietrich,chistiakova.xml,1
Turgenev,Garbo,chistiakova.xml,1
Turgenev,Zheimo,chistiakova.xml,1
Turgenev,Garin,chistiakova.xml,1
Turgenev,Ranevskaia,chistiakova.xml,1
Turgenev,Strauss,chistiakova.xml,1
Turgenev,Rybnikov,chistiakova.xml,1
Turgenev,Il'inskii,chistiakova.xml,1
Turgenev,Bondarchuk,chistiakova.xml,1
Turgenev,Chekhov,chistiakova.xml,1
Turgenev,Dostoevskii,chistiakova.xml,1
Turgenev,Tolstoi,chistiakova.xml,1
Turgenev,Tolstoi,chistiakova.xml,1
Turgenev,Smoktunovskii,chistiakova.xml,1
Turgenev,Basilashvili,chistiakova.xml,1
Turgenev,Freindlikh,chistiakova.xml,1
Turgenev,Kuznetsov,chistiakova.xml,1
Turgenev,Kuznetsov,chistiakova.xml,1
Turgenev,Batalov,chistiakova.xml,1
Smoktunovskii,Chkalov,chistiakova.xml,1
Smoktunovskii,Chaplin,chistiakova.xml,1
Smoktunovskii,Khalodnaia,chistiakova.xml,1
Smoktunovskii,Dietrich,chistiakova.xml,1
Smoktunovskii,Garbo,chistiakova.xml,1
Smoktunovskii,Zheimo,chistiakova.xml,1
Smoktunovskii,Garin,chistiakova.xml,1
Smoktunovskii,Ranevskaia,chistiakova.xml,1
Smoktunovskii,Strauss,chistiakova.xml,1
Smoktunovskii,Rybnikov,chistiakova.xml,1
Smoktunovskii,Il'inskii,chistiakova.xml,1
Smoktunovskii,Bondarchuk,chistiakova.xml,1
Smoktunovskii,Chekhov,chistiakova.xml,1
Smoktunovskii,Dostoevskii,chistiakova.xml,1
Smoktunovskii,Tolstoi,chistiakova.xml,1
Smoktunovskii,Tolstoi,chistiakova.xml,1
Smoktunovskii,Turgenev,chistiakova.xml,1
Smoktunovskii,Basilashvili,chistiakova.xml,1
Smoktunovskii,Freindlikh,chistiakova.xml,1
Smoktunovskii,Kuznetsov,chistiakova.xml,1
Smoktunovskii,Kuznetsov,chistiakova.xml,1
Smoktunovskii,Batalov,chistiakova.xml,1
Basilashvili,Chkalov,chistiakova.xml,1
Basilashvili,Chaplin,chistiakova.xml,1
Basilashvili,Khalodnaia,chistiakova.xml,1
Basilashvili,Dietrich,chistiakova.xml,1
Basilashvili,Garbo,chistiakova.xml,1
Basilashvili,Zheimo,chistiakova.xml,1
Basilashvili,Garin,chistiakova.xml,1
Basilashvili,Ranevskaia,chistiakova.xml,1
Basilashvili,Strauss,chistiakova.xml,1
Basilashvili,Rybnikov,chistiakova.xml,1
Basilashvili,Il'inskii,chistiakova.xml,1
Basilashvili,Bondarchuk,chistiakova.xml,1
Basilashvili,Chekhov,chistiakova.xml,1
Basilashvili,Dostoevskii,chistiakova.xml,1
Basilashvili,Tolstoi,chistiakova.xml,1
Basilashvili,Tolstoi,chistiakova.xml,1
Basilashvili,Turgenev,chistiakova.xml,1
Basilashvili,Smoktunovskii,chistiakova.xml,1
Basilashvili,Freindlikh,chistiakova.xml,1
Basilashvili,Kuznetsov,chistiakova.xml,1
Basilashvili,Kuznetsov,chistiakova.xml,1
Basilashvili,Batalov,chistiakova.xml,1
Freindlikh,Chkalov,chistiakova.xml,1
Freindlikh,Chaplin,chistiakova.xml,1
Freindlikh,Khalodnaia,chistiakova.xml,1
Freindlikh,Dietrich,chistiakova.xml,1
Freindlikh,Garbo,chistiakova.xml,1
Freindlikh,Zheimo,chistiakova.xml,1
Freindlikh,Garin,chistiakova.xml,1
Freindlikh,Ranevskaia,chistiakova.xml,1
Freindlikh,Strauss,chistiakova.xml,1
Freindlikh,Rybnikov,chistiakova.xml,1
Freindlikh,Il'inskii,chistiakova.xml,1
Freindlikh,Bondarchuk,chistiakova.xml,1
Freindlikh,Chekhov,chistiakova.xml,1
Freindlikh,Dostoevskii,chistiakova.xml,1
Freindlikh,Tolstoi,chistiakova.xml,1
Freindlikh,Tolstoi,chistiakova.xml,1
Freindlikh,Turgenev,chistiakova.xml,1
Freindlikh,Smoktunovskii,chistiakova.xml,1
Freindlikh,Basilashvili,chistiakova.xml,1
Freindlikh,Kuznetsov,chistiakova.xml,1
Freindlikh,Kuznetsov,chistiakova.xml,1
Freindlikh,Batalov,chistiakova.xml,1
Kuznetsov,Chkalov,chistiakova.xml,1
Kuznetsov,Chaplin,chistiakova.xml,1
Kuznetsov,Khalodnaia,chistiakova.xml,1
Kuznetsov,Dietrich,chistiakova.xml,1
Kuznetsov,Garbo,chistiakova.xml,1
Kuznetsov,Zheimo,chistiakova.xml,1
Kuznetsov,Garin,chistiakova.xml,1
Kuznetsov,Ranevskaia,chistiakova.xml,1
Kuznetsov,Strauss,chistiakova.xml,1
Kuznetsov,Rybnikov,chistiakova.xml,1
Kuznetsov,Il'inskii,chistiakova.xml,1
Kuznetsov,Bondarchuk,chistiakova.xml,1
Kuznetsov,Chekhov,chistiakova.xml,1
Kuznetsov,Dostoevskii,chistiakova.xml,1
Kuznetsov,Tolstoi,chistiakova.xml,1
Kuznetsov,Tolstoi,chistiakova.xml,1
Kuznetsov,Turgenev,chistiakova.xml,1
Kuznetsov,Smoktunovskii,chistiakova.xml,1
Kuznetsov,Basilashvili,chistiakova.xml,1
Kuznetsov,Freindlikh,chistiakova.xml,1
Kuznetsov,Kuznetsov,chistiakova.xml,1
Kuznetsov,Batalov,chistiakova.xml,1
Kuznetsov,Chkalov,chistiakova.xml,1
Kuznetsov,Chaplin,chistiakova.xml,1
Kuznetsov,Khalodnaia,chistiakova.xml,1
Kuznetsov,Dietrich,chistiakova.xml,1
Kuznetsov,Garbo,chistiakova.xml,1
Kuznetsov,Zheimo,chistiakova.xml,1
Kuznetsov,Garin,chistiakova.xml,1
Kuznetsov,Ranevskaia,chistiakova.xml,1
Kuznetsov,Strauss,chistiakova.xml,1
Kuznetsov,Rybnikov,chistiakova.xml,1
Kuznetsov,Il'inskii,chistiakova.xml,1
Kuznetsov,Bondarchuk,chistiakova.xml,1
Kuznetsov,Chekhov,chistiakova.xml,1
Kuznetsov,Dostoevskii,chistiakova.xml,1
Kuznetsov,Tolstoi,chistiakova.xml,1
Kuznetsov,Tolstoi,chistiakova.xml,1
Kuznetsov,Turgenev,chistiakova.xml,1
Kuznetsov,Smoktunovskii,chistiakova.xml,1
Kuznetsov,Basilashvili,chistiakova.xml,1
Kuznetsov,Freindlikh,chistiakova.xml,1
Kuznetsov,Kuznetsov,chistiakova.xml,1
Kuznetsov,Batalov,chistiakova.xml,1
Batalov,Chkalov,chistiakova.xml,1
Batalov,Chaplin,chistiakova.xml,1
Batalov,Khalodnaia,chistiakova.xml,1
Batalov,Dietrich,chistiakova.xml,1
Batalov,Garbo,chistiakova.xml,1
Batalov,Zheimo,chistiakova.xml,1
Batalov,Garin,chistiakova.xml,1
Batalov,Ranevskaia,chistiakova.xml,1
Batalov,Strauss,chistiakova.xml,1
Batalov,Rybnikov,chistiakova.xml,1
Batalov,Il'inskii,chistiakova.xml,1
Batalov,Bondarchuk,chistiakova.xml,1
Batalov,Chekhov,chistiakova.xml,1
Batalov,Dostoevskii,chistiakova.xml,1
Batalov,Tolstoi,chistiakova.xml,1
Batalov,Tolstoi,chistiakova.xml,1
Batalov,Turgenev,chistiakova.xml,1
Batalov,Smoktunovskii,chistiakova.xml,1
Batalov,Basilashvili,chistiakova.xml,1
Batalov,Freindlikh,chistiakova.xml,1
Batalov,Kuznetsov,chistiakova.xml,1
Batalov,Kuznetsov,chistiakova.xml,1
Gaidai,Delon,efimova.xml,1
Gaidai,Bondarchuk,efimova.xml,1
Gaidai,Tolstoi,efimova.xml,1
Gaidai,Leonov,danilenko.xml,1
Gaidai,Pugacheva,danilenko.xml,1
Gaidai,deFunes,danilenko.xml,1
Gaidai,Marais,danilenko.xml,1
Gaidai,Dalton,danilenko.xml,1
Gaidai,Rourke,danilenko.xml,1
Gaidai,Dumas,efimova.xml,1
Gaidai,Mikhalkov,efimova.xml,1
Gaidai,Schneider,efimova.xml,1
Gaidai,deFunes,efimova.xml,1
Gaidai,Brezhnev,efimova.xml,1
Gaidai,Gubenko,efimova.xml,1
Gaidai,Bolotova,efimova.xml,1
Gaidai,Gabin,efimova.xml,1
Gaidai,Monroe,efimova.xml,1
Gaidai,Savel'eva,efimova.xml,1
Gaidai,Rostova,efimova.xml,1
Gaidai,Bulgakov,efimova.xml,1
Gaidai,Nicholson,efimova.xml,1
Gaidai,Riazanov,efimova.xml,2
Gaidai,Riazanov,levental-i.xml,2
Gaidai,Seryi,efimova.xml,1
Gaidai,Mironov,efimova.xml,1
Gaidai,Papanov,efimova.xml,1
Gaidai,Mkrtchian,efimova.xml,1
Gaidai,Tarkovskii,levental-i.xml,1
Gaidai,Tarkovskii,levental-i.xml,1
Gaidai,Sokurov,levental-i.xml,1
Gaidai,Serebrennikov,levental-i.xml,1
Gaidai,popogrebskii,levental-i.xml,1
Gaidai,Visconti,levental-i.xml,1
Gaidai,Antonioni,levental-i.xml,1
Gaidai,Pasolini,levental-i.xml,1
Gaidai,Godard,levental-i.xml,1
Gaidai,Bergman,levental-i.xml,1
Gaidai,Fellini,levental-i.xml,1
Gaidai,Lynch,levental-i.xml,1
Gaidai,Jarmusch,levental-i.xml,1
Gaidai,Aronofsky,levental-i.xml,1
Gaidai,vonTrier,levental-i.xml,1
Gaidai,Binoche,levental-i.xml,1
Gaidai,Kar-wai,levental-i.xml,1
Gaidai,Malkovich,levental-i.xml,1
Gaidai,Bellucci,levental-i.xml,1
Gaidai,Noe,levental-i.xml,1
Gaidai,Cassel,levental-i.xml,1
Gaidai,Daneliia,levental-i.xml,1
Gaidai,Solovyov,levental-i.xml,1
Gaidai,Drubich,levental-i.xml,1
Leonov,Gaidai,danilenko.xml,1
Leonov,Pugacheva,danilenko.xml,1
Leonov,deFunes,danilenko.xml,1
Leonov,Marais,danilenko.xml,1
Leonov,Dalton,danilenko.xml,1
Leonov,Rourke,danilenko.xml,1
Pugacheva,Gaidai,danilenko.xml,1
Pugacheva,Leonov,danilenko.xml,1
Pugacheva,deFunes,danilenko.xml,1
Pugacheva,Marais,danilenko.xml,1
Pugacheva,Dalton,danilenko.xml,1
Pugacheva,Rourke,danilenko.xml,1
deFunes,Gaidai,danilenko.xml,1
deFunes,Leonov,danilenko.xml,1
deFunes,Pugacheva,danilenko.xml,1
deFunes,Marais,danilenko.xml,1
deFunes,Dalton,danilenko.xml,1
deFunes,Rourke,danilenko.xml,1
Marais,Gaidai,danilenko.xml,1
Marais,Leonov,danilenko.xml,1
Marais,Pugacheva,danilenko.xml,1
Marais,deFunes,danilenko.xml,1
Marais,Dalton,danilenko.xml,1
Marais,Rourke,danilenko.xml,1
Dalton,Gaidai,danilenko.xml,1
Dalton,Leonov,danilenko.xml,1
Dalton,Pugacheva,danilenko.xml,1
Dalton,deFunes,danilenko.xml,1
Dalton,Marais,danilenko.xml,1
Dalton,Rourke,danilenko.xml,1
Rourke,Gaidai,danilenko.xml,1
Rourke,Leonov,danilenko.xml,1
Rourke,Pugacheva,danilenko.xml,1
Rourke,deFunes,danilenko.xml,1
Rourke,Marais,danilenko.xml,1
Rourke,Dalton,danilenko.xml,1
Dumas,Delon,efimova.xml,1
Dumas,Bondarchuk,efimova.xml,1
Dumas,Tolstoi,efimova.xml,1
Dumas,Gaidai,efimova.xml,1
Dumas,Mikhalkov,efimova.xml,1
Dumas,Schneider,efimova.xml,1
Dumas,deFunes,efimova.xml,1
Dumas,Brezhnev,efimova.xml,1
Dumas,Gubenko,efimova.xml,1
Dumas,Bolotova,efimova.xml,1
Dumas,Gabin,efimova.xml,1
Dumas,Monroe,efimova.xml,1
Dumas,Savel'eva,efimova.xml,1
Dumas,Rostova,efimova.xml,1
Dumas,Bulgakov,efimova.xml,1
Dumas,Nicholson,efimova.xml,1
Dumas,Riazanov,efimova.xml,1
Dumas,Seryi,efimova.xml,1
Dumas,Mironov,efimova.xml,1
Dumas,Papanov,efimova.xml,1
Dumas,Mkrtchian,efimova.xml,1
Mikhalkov,Delon,efimova.xml,1
Mikhalkov,Bondarchuk,efimova.xml,1
Mikhalkov,Tolstoi,efimova.xml,1
Mikhalkov,Gaidai,efimova.xml,1
Mikhalkov,Dumas,efimova.xml,1
Mikhalkov,Schneider,efimova.xml,1
Mikhalkov,deFunes,efimova.xml,1
Mikhalkov,Brezhnev,efimova.xml,1
Mikhalkov,Gubenko,efimova.xml,1
Mikhalkov,Bolotova,efimova.xml,1
Mikhalkov,Gabin,efimova.xml,1
Mikhalkov,Monroe,efimova.xml,1
Mikhalkov,Savel'eva,efimova.xml,1
Mikhalkov,Rostova,efimova.xml,1
Mikhalkov,Bulgakov,efimova.xml,1
Mikhalkov,Nicholson,efimova.xml,1
Mikhalkov,Riazanov,efimova.xml,2
Mikhalkov,Riazanov,sorkina.xml,2
Mikhalkov,Seryi,efimova.xml,1
Mikhalkov,Mironov,efimova.xml,1
Mikhalkov,Papanov,efimova.xml,1
Mikhalkov,Mkrtchian,efimova.xml,1
Mikhalkov,Tarkovskii,sorkina.xml,1
Mikhalkov,Antonioni,sorkina.xml,1
Mikhalkov,Bergman,sorkina.xml,1
Mikhalkov,Fellini,sorkina.xml,1
Mikhalkov,Kar-wai,sorkina.xml,1
Mikhalkov,Peck,sorkina.xml,1
Mikhalkov,Hepburn,sorkina.xml,1
Mikhalkov,Verne,sorkina.xml,1
Mikhalkov,Allen,sorkina.xml,1
Mikhalkov,Forman,sorkina.xml,1
Mikhalkov,Guerra,sorkina.xml,1
Mikhalkov,Almodovar,sorkina.xml,1
Mikhalkov,Mamonov,sorkina.xml,1
Mikhalkov,Menshov,sorkina.xml,1
Schneider,Delon,efimova.xml,1
Schneider,Bondarchuk,efimova.xml,1
Schneider,Tolstoi,efimova.xml,1
Schneider,Gaidai,efimova.xml,1
Schneider,Dumas,efimova.xml,1
Schneider,Mikhalkov,efimova.xml,1
Schneider,deFunes,efimova.xml,1
Schneider,Brezhnev,efimova.xml,1
Schneider,Gubenko,efimova.xml,1
Schneider,Bolotova,efimova.xml,1
Schneider,Gabin,efimova.xml,1
Schneider,Monroe,efimova.xml,1
Schneider,Savel'eva,efimova.xml,1
Schneider,Rostova,efimova.xml,1
Schneider,Bulgakov,efimova.xml,1
Schneider,Nicholson,efimova.xml,1
Schneider,Riazanov,efimova.xml,1
Schneider,Seryi,efimova.xml,1
Schneider,Mironov,efimova.xml,1
Schneider,Papanov,efimova.xml,1
Schneider,Mkrtchian,efimova.xml,1
deFunes,Delon,efimova.xml,1
deFunes,Bondarchuk,efimova.xml,1
deFunes,Tolstoi,efimova.xml,1
deFunes,Gaidai,efimova.xml,1
deFunes,Dumas,efimova.xml,1
deFunes,Mikhalkov,efimova.xml,1
deFunes,Schneider,efimova.xml,1
deFunes,Brezhnev,efimova.xml,1
deFunes,Gubenko,efimova.xml,1
deFunes,Bolotova,efimova.xml,1
deFunes,Gabin,efimova.xml,1
deFunes,Monroe,efimova.xml,1
deFunes,Savel'eva,efimova.xml,1
deFunes,Rostova,efimova.xml,1
deFunes,Bulgakov,efimova.xml,1
deFunes,Nicholson,efimova.xml,1
deFunes,Riazanov,efimova.xml,1
deFunes,Seryi,efimova.xml,1
deFunes,Mironov,efimova.xml,1
deFunes,Papanov,efimova.xml,1
deFunes,Mkrtchian,efimova.xml,1
Brezhnev,Delon,efimova.xml,1
Brezhnev,Bondarchuk,efimova.xml,1
Brezhnev,Tolstoi,efimova.xml,1
Brezhnev,Gaidai,efimova.xml,1
Brezhnev,Dumas,efimova.xml,1
Brezhnev,Mikhalkov,efimova.xml,1
Brezhnev,Schneider,efimova.xml,1
Brezhnev,deFunes,efimova.xml,1
Brezhnev,Gubenko,efimova.xml,1
Brezhnev,Bolotova,efimova.xml,1
Brezhnev,Gabin,efimova.xml,1
Brezhnev,Monroe,efimova.xml,1
Brezhnev,Savel'eva,efimova.xml,1
Brezhnev,Rostova,efimova.xml,1
Brezhnev,Bulgakov,efimova.xml,1
Brezhnev,Nicholson,efimova.xml,1
Brezhnev,Riazanov,efimova.xml,1
Brezhnev,Seryi,efimova.xml,1
Brezhnev,Mironov,efimova.xml,1
Brezhnev,Papanov,efimova.xml,1
Brezhnev,Mkrtchian,efimova.xml,1
Gubenko,Delon,efimova.xml,1
Gubenko,Bondarchuk,efimova.xml,1
Gubenko,Tolstoi,efimova.xml,1
Gubenko,Gaidai,efimova.xml,1
Gubenko,Dumas,efimova.xml,1
Gubenko,Mikhalkov,efimova.xml,1
Gubenko,Schneider,efimova.xml,1
Gubenko,deFunes,efimova.xml,1
Gubenko,Brezhnev,efimova.xml,1
Gubenko,Bolotova,efimova.xml,1
Gubenko,Gabin,efimova.xml,1
Gubenko,Monroe,efimova.xml,1
Gubenko,Savel'eva,efimova.xml,1
Gubenko,Rostova,efimova.xml,1
Gubenko,Bulgakov,efimova.xml,1
Gubenko,Nicholson,efimova.xml,1
Gubenko,Riazanov,efimova.xml,1
Gubenko,Seryi,efimova.xml,1
Gubenko,Mironov,efimova.xml,1
Gubenko,Papanov,efimova.xml,1
Gubenko,Mkrtchian,efimova.xml,1
Bolotova,Delon,efimova.xml,1
Bolotova,Bondarchuk,efimova.xml,1
Bolotova,Tolstoi,efimova.xml,1
Bolotova,Gaidai,efimova.xml,1
Bolotova,Dumas,efimova.xml,1
Bolotova,Mikhalkov,efimova.xml,1
Bolotova,Schneider,efimova.xml,1
Bolotova,deFunes,efimova.xml,1
Bolotova,Brezhnev,efimova.xml,1
Bolotova,Gubenko,efimova.xml,1
Bolotova,Gabin,efimova.xml,1
Bolotova,Monroe,efimova.xml,1
Bolotova,Savel'eva,efimova.xml,1
Bolotova,Rostova,efimova.xml,1
Bolotova,Bulgakov,efimova.xml,1
Bolotova,Nicholson,efimova.xml,1
Bolotova,Riazanov,efimova.xml,1
Bolotova,Seryi,efimova.xml,1
Bolotova,Mironov,efimova.xml,1
Bolotova,Papanov,efimova.xml,1
Bolotova,Mkrtchian,efimova.xml,1
Gabin,Delon,efimova.xml,1
Gabin,Bondarchuk,efimova.xml,1
Gabin,Tolstoi,efimova.xml,1
Gabin,Gaidai,efimova.xml,1
Gabin,Dumas,efimova.xml,1
Gabin,Mikhalkov,efimova.xml,1
Gabin,Schneider,efimova.xml,1
Gabin,deFunes,efimova.xml,1
Gabin,Brezhnev,efimova.xml,1
Gabin,Gubenko,efimova.xml,1
Gabin,Bolotova,efimova.xml,1
Gabin,Monroe,efimova.xml,1
Gabin,Savel'eva,efimova.xml,1
Gabin,Rostova,efimova.xml,1
Gabin,Bulgakov,efimova.xml,1
Gabin,Nicholson,efimova.xml,1
Gabin,Riazanov,efimova.xml,1
Gabin,Seryi,efimova.xml,1
Gabin,Mironov,efimova.xml,1
Gabin,Papanov,efimova.xml,1
Gabin,Mkrtchian,efimova.xml,1
Monroe,Delon,efimova.xml,1
Monroe,Bondarchuk,efimova.xml,1
Monroe,Tolstoi,efimova.xml,1
Monroe,Gaidai,efimova.xml,1
Monroe,Dumas,efimova.xml,1
Monroe,Mikhalkov,efimova.xml,1
Monroe,Schneider,efimova.xml,1
Monroe,deFunes,efimova.xml,1
Monroe,Brezhnev,efimova.xml,1
Monroe,Gubenko,efimova.xml,1
Monroe,Bolotova,efimova.xml,1
Monroe,Gabin,efimova.xml,1
Monroe,Savel'eva,efimova.xml,1
Monroe,Rostova,efimova.xml,1
Monroe,Bulgakov,efimova.xml,1
Monroe,Nicholson,efimova.xml,1
Monroe,Riazanov,efimova.xml,1
Monroe,Seryi,efimova.xml,1
Monroe,Mironov,efimova.xml,1
Monroe,Papanov,efimova.xml,1
Monroe,Mkrtchian,efimova.xml,1
Savel'eva,Delon,efimova.xml,1
Savel'eva,Bondarchuk,efimova.xml,1
Savel'eva,Tolstoi,efimova.xml,1
Savel'eva,Gaidai,efimova.xml,1
Savel'eva,Dumas,efimova.xml,1
Savel'eva,Mikhalkov,efimova.xml,1
Savel'eva,Schneider,efimova.xml,1
Savel'eva,deFunes,efimova.xml,1
Savel'eva,Brezhnev,efimova.xml,1
Savel'eva,Gubenko,efimova.xml,1
Savel'eva,Bolotova,efimova.xml,1
Savel'eva,Gabin,efimova.xml,1
Savel'eva,Monroe,efimova.xml,1
Savel'eva,Rostova,efimova.xml,1
Savel'eva,Bulgakov,efimova.xml,1
Savel'eva,Nicholson,efimova.xml,1
Savel'eva,Riazanov,efimova.xml,1
Savel'eva,Seryi,efimova.xml,1
Savel'eva,Mironov,efimova.xml,1
Savel'eva,Papanov,efimova.xml,1
Savel'eva,Mkrtchian,efimova.xml,1
Rostova,Delon,efimova.xml,1
Rostova,Bondarchuk,efimova.xml,1
Rostova,Tolstoi,efimova.xml,1
Rostova,Gaidai,efimova.xml,1
Rostova,Dumas,efimova.xml,1
Rostova,Mikhalkov,efimova.xml,1
Rostova,Schneider,efimova.xml,1
Rostova,deFunes,efimova.xml,1
Rostova,Brezhnev,efimova.xml,1
Rostova,Gubenko,efimova.xml,1
Rostova,Bolotova,efimova.xml,1
Rostova,Gabin,efimova.xml,1
Rostova,Monroe,efimova.xml,1
Rostova,Savel'eva,efimova.xml,1
Rostova,Bulgakov,efimova.xml,1
Rostova,Nicholson,efimova.xml,1
Rostova,Riazanov,efimova.xml,1
Rostova,Seryi,efimova.xml,1
Rostova,Mironov,efimova.xml,1
Rostova,Papanov,efimova.xml,1
Rostova,Mkrtchian,efimova.xml,1
Bulgakov,Delon,efimova.xml,1
Bulgakov,Bondarchuk,efimova.xml,1
Bulgakov,Tolstoi,efimova.xml,1
Bulgakov,Gaidai,efimova.xml,1
Bulgakov,Dumas,efimova.xml,1
Bulgakov,Mikhalkov,efimova.xml,1
Bulgakov,Schneider,efimova.xml,1
Bulgakov,deFunes,efimova.xml,1
Bulgakov,Brezhnev,efimova.xml,1
Bulgakov,Gubenko,efimova.xml,1
Bulgakov,Bolotova,efimova.xml,1
Bulgakov,Gabin,efimova.xml,1
Bulgakov,Monroe,efimova.xml,1
Bulgakov,Savel'eva,efimova.xml,1
Bulgakov,Rostova,efimova.xml,1
Bulgakov,Nicholson,efimova.xml,1
Bulgakov,Riazanov,efimova.xml,1
Bulgakov,Seryi,efimova.xml,1
Bulgakov,Mironov,efimova.xml,1
Bulgakov,Papanov,efimova.xml,1
Bulgakov,Mkrtchian,efimova.xml,1
Nicholson,Delon,efimova.xml,1
Nicholson,Bondarchuk,efimova.xml,1
Nicholson,Tolstoi,efimova.xml,1
Nicholson,Gaidai,efimova.xml,1
Nicholson,Dumas,efimova.xml,1
Nicholson,Mikhalkov,efimova.xml,1
Nicholson,Schneider,efimova.xml,1
Nicholson,deFunes,efimova.xml,1
Nicholson,Brezhnev,efimova.xml,1
Nicholson,Gubenko,efimova.xml,1
Nicholson,Bolotova,efimova.xml,1
Nicholson,Gabin,efimova.xml,1
Nicholson,Monroe,efimova.xml,1
Nicholson,Savel'eva,efimova.xml,1
Nicholson,Rostova,efimova.xml,1
Nicholson,Bulgakov,efimova.xml,1
Nicholson,Riazanov,efimova.xml,1
Nicholson,Seryi,efimova.xml,1
Nicholson,Mironov,efimova.xml,1
Nicholson,Papanov,efimova.xml,1
Nicholson,Mkrtchian,efimova.xml,1
Riazanov,Delon,efimova.xml,1
Riazanov,Bondarchuk,efimova.xml,1
Riazanov,Tolstoi,efimova.xml,1
Riazanov,Gaidai,efimova.xml,2
Riazanov,Gaidai,levental-i.xml,2
Riazanov,Dumas,efimova.xml,1
Riazanov,Mikhalkov,efimova.xml,2
Riazanov,Mikhalkov,sorkina.xml,2
Riazanov,Schneider,efimova.xml,1
Riazanov,deFunes,efimova.xml,1
Riazanov,Brezhnev,efimova.xml,1
Riazanov,Gubenko,efimova.xml,1
Riazanov,Bolotova,efimova.xml,1
Riazanov,Gabin,efimova.xml,1
Riazanov,Monroe,efimova.xml,1
Riazanov,Savel'eva,efimova.xml,1
Riazanov,Rostova,efimova.xml,1
Riazanov,Bulgakov,efimova.xml,1
Riazanov,Nicholson,efimova.xml,1
Riazanov,Seryi,efimova.xml,1
Riazanov,Mironov,efimova.xml,1
Riazanov,Papanov,efimova.xml,1
Riazanov,Mkrtchian,efimova.xml,1
Riazanov,Tarkovskii,levental-i.xml,1
Riazanov,Tarkovskii,levental-i.xml,2
Riazanov,Tarkovskii,sorkina.xml,2
Riazanov,Sokurov,levental-i.xml,1
Riazanov,Serebrennikov,levental-i.xml,1
Riazanov,popogrebskii,levental-i.xml,1
Riazanov,Visconti,levental-i.xml,1
Riazanov,Antonioni,levental-i.xml,2
Riazanov,Antonioni,sorkina.xml,2
Riazanov,Pasolini,levental-i.xml,1
Riazanov,Godard,levental-i.xml,1
Riazanov,Bergman,levental-i.xml,2
Riazanov,Bergman,sorkina.xml,2
Riazanov,Fellini,levental-i.xml,2
Riazanov,Fellini,sorkina.xml,2
Riazanov,Lynch,levental-i.xml,1
Riazanov,Jarmusch,levental-i.xml,1
Riazanov,Aronofsky,levental-i.xml,1
Riazanov,vonTrier,levental-i.xml,1
Riazanov,Binoche,levental-i.xml,1
Riazanov,Kar-wai,levental-i.xml,2
Riazanov,Kar-wai,sorkina.xml,2
Riazanov,Malkovich,levental-i.xml,1
Riazanov,Bellucci,levental-i.xml,1
Riazanov,Noe,levental-i.xml,1
Riazanov,Cassel,levental-i.xml,1
Riazanov,Daneliia,levental-i.xml,1
Riazanov,Solovyov,levental-i.xml,1
Riazanov,Drubich,levental-i.xml,1
Riazanov,Peck,sorkina.xml,1
Riazanov,Hepburn,sorkina.xml,1
Riazanov,Verne,sorkina.xml,1
Riazanov,Allen,sorkina.xml,1
Riazanov,Forman,sorkina.xml,1
Riazanov,Guerra,sorkina.xml,1
Riazanov,Almodovar,sorkina.xml,1
Riazanov,Mamonov,sorkina.xml,1
Riazanov,Menshov,sorkina.xml,1
Seryi,Delon,efimova.xml,1
Seryi,Bondarchuk,efimova.xml,1
Seryi,Tolstoi,efimova.xml,1
Seryi,Gaidai,efimova.xml,1
Seryi,Dumas,efimova.xml,1
Seryi,Mikhalkov,efimova.xml,1
Seryi,Schneider,efimova.xml,1
Seryi,deFunes,efimova.xml,1
Seryi,Brezhnev,efimova.xml,1
Seryi,Gubenko,efimova.xml,1
Seryi,Bolotova,efimova.xml,1
Seryi,Gabin,efimova.xml,1
Seryi,Monroe,efimova.xml,1
Seryi,Savel'eva,efimova.xml,1
Seryi,Rostova,efimova.xml,1
Seryi,Bulgakov,efimova.xml,1
Seryi,Nicholson,efimova.xml,1
Seryi,Riazanov,efimova.xml,1
Seryi,Mironov,efimova.xml,1
Seryi,Papanov,efimova.xml,1
Seryi,Mkrtchian,efimova.xml,1
Mironov,Delon,efimova.xml,1
Mironov,Bondarchuk,efimova.xml,1
Mironov,Tolstoi,efimova.xml,1
Mironov,Gaidai,efimova.xml,1
Mironov,Dumas,efimova.xml,1
Mironov,Mikhalkov,efimova.xml,1
Mironov,Schneider,efimova.xml,1
Mironov,deFunes,efimova.xml,1
Mironov,Brezhnev,efimova.xml,1
Mironov,Gubenko,efimova.xml,1
Mironov,Bolotova,efimova.xml,1
Mironov,Gabin,efimova.xml,1
Mironov,Monroe,efimova.xml,1
Mironov,Savel'eva,efimova.xml,1
Mironov,Rostova,efimova.xml,1
Mironov,Bulgakov,efimova.xml,1
Mironov,Nicholson,efimova.xml,1
Mironov,Riazanov,efimova.xml,1
Mironov,Seryi,efimova.xml,1
Mironov,Papanov,efimova.xml,1
Mironov,Mkrtchian,efimova.xml,1
Papanov,Delon,efimova.xml,1
Papanov,Bondarchuk,efimova.xml,1
Papanov,Tolstoi,efimova.xml,1
Papanov,Gaidai,efimova.xml,1
Papanov,Dumas,efimova.xml,1
Papanov,Mikhalkov,efimova.xml,1
Papanov,Schneider,efimova.xml,1
Papanov,deFunes,efimova.xml,1
Papanov,Brezhnev,efimova.xml,1
Papanov,Gubenko,efimova.xml,1
Papanov,Bolotova,efimova.xml,1
Papanov,Gabin,efimova.xml,1
Papanov,Monroe,efimova.xml,1
Papanov,Savel'eva,efimova.xml,1
Papanov,Rostova,efimova.xml,1
Papanov,Bulgakov,efimova.xml,1
Papanov,Nicholson,efimova.xml,1
Papanov,Riazanov,efimova.xml,1
Papanov,Seryi,efimova.xml,1
Papanov,Mironov,efimova.xml,1
Papanov,Mkrtchian,efimova.xml,1
Mkrtchian,Delon,efimova.xml,1
Mkrtchian,Bondarchuk,efimova.xml,1
Mkrtchian,Tolstoi,efimova.xml,1
Mkrtchian,Gaidai,efimova.xml,1
Mkrtchian,Dumas,efimova.xml,1
Mkrtchian,Mikhalkov,efimova.xml,1
Mkrtchian,Schneider,efimova.xml,1
Mkrtchian,deFunes,efimova.xml,1
Mkrtchian,Brezhnev,efimova.xml,1
Mkrtchian,Gubenko,efimova.xml,1
Mkrtchian,Bolotova,efimova.xml,1
Mkrtchian,Gabin,efimova.xml,1
Mkrtchian,Monroe,efimova.xml,1
Mkrtchian,Savel'eva,efimova.xml,1
Mkrtchian,Rostova,efimova.xml,1
Mkrtchian,Bulgakov,efimova.xml,1
Mkrtchian,Nicholson,efimova.xml,1
Mkrtchian,Riazanov,efimova.xml,1
Mkrtchian,Seryi,efimova.xml,1
Mkrtchian,Mironov,efimova.xml,1
Mkrtchian,Papanov,efimova.xml,1
Tarkovskii,Gaidai,levental-i.xml,1
Tarkovskii,Riazanov,levental-i.xml,1
Tarkovskii,Tarkovskii,levental-i.xml,1
Tarkovskii,Sokurov,levental-i.xml,1
Tarkovskii,Serebrennikov,levental-i.xml,1
Tarkovskii,popogrebskii,levental-i.xml,1
Tarkovskii,Visconti,levental-i.xml,1
Tarkovskii,Antonioni,levental-i.xml,1
Tarkovskii,Pasolini,levental-i.xml,1
Tarkovskii,Godard,levental-i.xml,1
Tarkovskii,Bergman,levental-i.xml,1
Tarkovskii,Fellini,levental-i.xml,1
Tarkovskii,Lynch,levental-i.xml,1
Tarkovskii,Jarmusch,levental-i.xml,1
Tarkovskii,Aronofsky,levental-i.xml,1
Tarkovskii,vonTrier,levental-i.xml,1
Tarkovskii,Binoche,levental-i.xml,1
Tarkovskii,Kar-wai,levental-i.xml,1
Tarkovskii,Malkovich,levental-i.xml,1
Tarkovskii,Bellucci,levental-i.xml,1
Tarkovskii,Noe,levental-i.xml,1
Tarkovskii,Cassel,levental-i.xml,1
Tarkovskii,Daneliia,levental-i.xml,1
Tarkovskii,Solovyov,levental-i.xml,1
Tarkovskii,Drubich,levental-i.xml,1
Tarkovskii,Bondarchuk,levental-v.xml,1
Tarkovskii,Gaidai,levental-i.xml,1
Tarkovskii,Mikhalkov,sorkina.xml,1
Tarkovskii,Riazanov,levental-i.xml,2
Tarkovskii,Riazanov,sorkina.xml,2
Tarkovskii,Tarkovskii,levental-i.xml,1
Tarkovskii,Sokurov,levental-i.xml,1
Tarkovskii,Serebrennikov,levental-i.xml,1
Tarkovskii,popogrebskii,levental-i.xml,1
Tarkovskii,Visconti,levental-i.xml,1
Tarkovskii,Antonioni,levental-i.xml,2
Tarkovskii,Antonioni,sorkina.xml,2
Tarkovskii,Pasolini,levental-i.xml,2
Tarkovskii,Pasolini,levental-v.xml,2
Tarkovskii,Godard,levental-i.xml,1
Tarkovskii,Bergman,levental-i.xml,2
Tarkovskii,Bergman,sorkina.xml,2
Tarkovskii,Fellini,levental-i.xml,3
Tarkovskii,Fellini,levental-v.xml,3
Tarkovskii,Fellini,sorkina.xml,3
Tarkovskii,Lynch,levental-i.xml,2
Tarkovskii,Lynch,levental-v.xml,2
Tarkovskii,Jarmusch,levental-i.xml,1
Tarkovskii,Aronofsky,levental-i.xml,1
Tarkovskii,vonTrier,levental-i.xml,2
Tarkovskii,vonTrier,levental-v.xml,2
Tarkovskii,Binoche,levental-i.xml,1
Tarkovskii,Kar-wai,levental-i.xml,2
Tarkovskii,Kar-wai,sorkina.xml,2
Tarkovskii,Malkovich,levental-i.xml,1
Tarkovskii,Bellucci,levental-i.xml,1
Tarkovskii,Noe,levental-i.xml,1
Tarkovskii,Cassel,levental-i.xml,1
Tarkovskii,Daneliia,levental-i.xml,1
Tarkovskii,Solovyov,levental-i.xml,1
Tarkovskii,Drubich,levental-i.xml,1
Tarkovskii,Lee,levental-v.xml,1
Tarkovskii,Rubinchik,levental-v.xml,1
Tarkovskii,Cruise,levental-v.xml,1
Tarkovskii,Hopkins,levental-v.xml,1
Tarkovskii,Eisenstein,levental-v.xml,1
Tarkovskii,Vertov,levental-v.xml,1
Tarkovskii,Bertolucci,levental-v.xml,1
Tarkovskii,Greenaway,levental-v.xml,1
Tarkovskii,Carax,levental-v.xml,1
Tarkovskii,Jackson,levental-v.xml,1
Tarkovskii,Trofimenkov,levental-v.xml,1
Tarkovskii,Volobuev,levental-v.xml,1
Tarkovskii,Chuviliaev,levental-v.xml,1
Tarkovskii,Peck,sorkina.xml,1
Tarkovskii,Hepburn,sorkina.xml,1
Tarkovskii,Verne,sorkina.xml,1
Tarkovskii,Allen,sorkina.xml,1
Tarkovskii,Forman,sorkina.xml,1
Tarkovskii,Guerra,sorkina.xml,1
Tarkovskii,Almodovar,sorkina.xml,1
Tarkovskii,Mamonov,sorkina.xml,1
Tarkovskii,Menshov,sorkina.xml,1
Sokurov,Gaidai,levental-i.xml,1
Sokurov,Riazanov,levental-i.xml,1
Sokurov,Tarkovskii,levental-i.xml,1
Sokurov,Tarkovskii,levental-i.xml,1
Sokurov,Serebrennikov,levental-i.xml,1
Sokurov,popogrebskii,levental-i.xml,1
Sokurov,Visconti,levental-i.xml,1
Sokurov,Antonioni,levental-i.xml,1
Sokurov,Pasolini,levental-i.xml,1
Sokurov,Godard,levental-i.xml,1
Sokurov,Bergman,levental-i.xml,1
Sokurov,Fellini,levental-i.xml,1
Sokurov,Lynch,levental-i.xml,1
Sokurov,Jarmusch,levental-i.xml,1
Sokurov,Aronofsky,levental-i.xml,1
Sokurov,vonTrier,levental-i.xml,1
Sokurov,Binoche,levental-i.xml,1
Sokurov,Kar-wai,levental-i.xml,1
Sokurov,Malkovich,levental-i.xml,1
Sokurov,Bellucci,levental-i.xml,1
Sokurov,Noe,levental-i.xml,1
Sokurov,Cassel,levental-i.xml,1
Sokurov,Daneliia,levental-i.xml,1
Sokurov,Solovyov,levental-i.xml,1
Sokurov,Drubich,levental-i.xml,1
Serebrennikov,Gaidai,levental-i.xml,1
Serebrennikov,Riazanov,levental-i.xml,1
Serebrennikov,Tarkovskii,levental-i.xml,1
Serebrennikov,Tarkovskii,levental-i.xml,1
Serebrennikov,Sokurov,levental-i.xml,1
Serebrennikov,popogrebskii,levental-i.xml,1
Serebrennikov,Visconti,levental-i.xml,1
Serebrennikov,Antonioni,levental-i.xml,1
Serebrennikov,Pasolini,levental-i.xml,1
Serebrennikov,Godard,levental-i.xml,1
Serebrennikov,Bergman,levental-i.xml,1
Serebrennikov,Fellini,levental-i.xml,1
Serebrennikov,Lynch,levental-i.xml,1
Serebrennikov,Jarmusch,levental-i.xml,1
Serebrennikov,Aronofsky,levental-i.xml,1
Serebrennikov,vonTrier,levental-i.xml,1
Serebrennikov,Binoche,levental-i.xml,1
Serebrennikov,Kar-wai,levental-i.xml,1
Serebrennikov,Malkovich,levental-i.xml,1
Serebrennikov,Bellucci,levental-i.xml,1
Serebrennikov,Noe,levental-i.xml,1
Serebrennikov,Cassel,levental-i.xml,1
Serebrennikov,Daneliia,levental-i.xml,1
Serebrennikov,Solovyov,levental-i.xml,1
Serebrennikov,Drubich,levental-i.xml,1
popogrebskii,Gaidai,levental-i.xml,1
popogrebskii,Riazanov,levental-i.xml,1
popogrebskii,Tarkovskii,levental-i.xml,1
popogrebskii,Tarkovskii,levental-i.xml,1
popogrebskii,Sokurov,levental-i.xml,1
popogrebskii,Serebrennikov,levental-i.xml,1
popogrebskii,Visconti,levental-i.xml,1
popogrebskii,Antonioni,levental-i.xml,1
popogrebskii,Pasolini,levental-i.xml,1
popogrebskii,Godard,levental-i.xml,1
popogrebskii,Bergman,levental-i.xml,1
popogrebskii,Fellini,levental-i.xml,1
popogrebskii,Lynch,levental-i.xml,1
popogrebskii,Jarmusch,levental-i.xml,1
popogrebskii,Aronofsky,levental-i.xml,1
popogrebskii,vonTrier,levental-i.xml,1
popogrebskii,Binoche,levental-i.xml,1
popogrebskii,Kar-wai,levental-i.xml,1
popogrebskii,Malkovich,levental-i.xml,1
popogrebskii,Bellucci,levental-i.xml,1
popogrebskii,Noe,levental-i.xml,1
popogrebskii,Cassel,levental-i.xml,1
popogrebskii,Daneliia,levental-i.xml,1
popogrebskii,Solovyov,levental-i.xml,1
popogrebskii,Drubich,levental-i.xml,1
Visconti,Gaidai,levental-i.xml,1
Visconti,Riazanov,levental-i.xml,1
Visconti,Tarkovskii,levental-i.xml,1
Visconti,Tarkovskii,levental-i.xml,1
Visconti,Sokurov,levental-i.xml,1
Visconti,Serebrennikov,levental-i.xml,1
Visconti,popogrebskii,levental-i.xml,1
Visconti,Antonioni,levental-i.xml,1
Visconti,Pasolini,levental-i.xml,1
Visconti,Godard,levental-i.xml,1
Visconti,Bergman,levental-i.xml,1
Visconti,Fellini,levental-i.xml,1
Visconti,Lynch,levental-i.xml,1
Visconti,Jarmusch,levental-i.xml,1
Visconti,Aronofsky,levental-i.xml,1
Visconti,vonTrier,levental-i.xml,1
Visconti,Binoche,levental-i.xml,1
Visconti,Kar-wai,levental-i.xml,1
Visconti,Malkovich,levental-i.xml,1
Visconti,Bellucci,levental-i.xml,1
Visconti,Noe,levental-i.xml,1
Visconti,Cassel,levental-i.xml,1
Visconti,Daneliia,levental-i.xml,1
Visconti,Solovyov,levental-i.xml,1
Visconti,Drubich,levental-i.xml,1
Antonioni,Gaidai,levental-i.xml,1
Antonioni,Mikhalkov,sorkina.xml,1
Antonioni,Riazanov,levental-i.xml,2
Antonioni,Riazanov,sorkina.xml,2
Antonioni,Tarkovskii,levental-i.xml,1
Antonioni,Tarkovskii,levental-i.xml,2
Antonioni,Tarkovskii,sorkina.xml,2
Antonioni,Sokurov,levental-i.xml,1
Antonioni,Serebrennikov,levental-i.xml,1
Antonioni,popogrebskii,levental-i.xml,1
Antonioni,Visconti,levental-i.xml,1
Antonioni,Pasolini,levental-i.xml,1
Antonioni,Godard,levental-i.xml,1
Antonioni,Bergman,levental-i.xml,2
Antonioni,Bergman,sorkina.xml,2
Antonioni,Fellini,levental-i.xml,2
Antonioni,Fellini,sorkina.xml,2
Antonioni,Lynch,levental-i.xml,1
Antonioni,Jarmusch,levental-i.xml,1
Antonioni,Aronofsky,levental-i.xml,1
Antonioni,vonTrier,levental-i.xml,1
Antonioni,Binoche,levental-i.xml,1
Antonioni,Kar-wai,levental-i.xml,2
Antonioni,Kar-wai,sorkina.xml,2
Antonioni,Malkovich,levental-i.xml,1
Antonioni,Bellucci,levental-i.xml,1
Antonioni,Noe,levental-i.xml,1
Antonioni,Cassel,levental-i.xml,1
Antonioni,Daneliia,levental-i.xml,1
Antonioni,Solovyov,levental-i.xml,1
Antonioni,Drubich,levental-i.xml,1
Antonioni,Peck,sorkina.xml,1
Antonioni,Hepburn,sorkina.xml,1
Antonioni,Verne,sorkina.xml,1
Antonioni,Allen,sorkina.xml,1
Antonioni,Forman,sorkina.xml,1
Antonioni,Guerra,sorkina.xml,1
Antonioni,Almodovar,sorkina.xml,1
Antonioni,Mamonov,sorkina.xml,1
Antonioni,Menshov,sorkina.xml,1
Pasolini,Bondarchuk,levental-v.xml,1
Pasolini,Gaidai,levental-i.xml,1
Pasolini,Riazanov,levental-i.xml,1
Pasolini,Tarkovskii,levental-i.xml,1
Pasolini,Tarkovskii,levental-i.xml,2
Pasolini,Tarkovskii,levental-v.xml,2
Pasolini,Sokurov,levental-i.xml,1
Pasolini,Serebrennikov,levental-i.xml,1
Pasolini,popogrebskii,levental-i.xml,1
Pasolini,Visconti,levental-i.xml,1
Pasolini,Antonioni,levental-i.xml,1
Pasolini,Godard,levental-i.xml,1
Pasolini,Bergman,levental-i.xml,1
Pasolini,Fellini,levental-i.xml,2
Pasolini,Fellini,levental-v.xml,2
Pasolini,Lynch,levental-i.xml,2
Pasolini,Lynch,levental-v.xml,2
Pasolini,Jarmusch,levental-i.xml,1
Pasolini,Aronofsky,levental-i.xml,1
Pasolini,vonTrier,levental-i.xml,2
Pasolini,vonTrier,levental-v.xml,2
Pasolini,Binoche,levental-i.xml,1
Pasolini,Kar-wai,levental-i.xml,1
Pasolini,Malkovich,levental-i.xml,1
Pasolini,Bellucci,levental-i.xml,1
Pasolini,Noe,levental-i.xml,1
Pasolini,Cassel,levental-i.xml,1
Pasolini,Daneliia,levental-i.xml,1
Pasolini,Solovyov,levental-i.xml,1
Pasolini,Drubich,levental-i.xml,1
Pasolini,Lee,levental-v.xml,1
Pasolini,Rubinchik,levental-v.xml,1
Pasolini,Cruise,levental-v.xml,1
Pasolini,Hopkins,levental-v.xml,1
Pasolini,Eisenstein,levental-v.xml,1
Pasolini,Vertov,levental-v.xml,1
Pasolini,Bertolucci,levental-v.xml,1
Pasolini,Greenaway,levental-v.xml,1
Pasolini,Carax,levental-v.xml,1
Pasolini,Jackson,levental-v.xml,1
Pasolini,Trofimenkov,levental-v.xml,1
Pasolini,Volobuev,levental-v.xml,1
Pasolini,Chuviliaev,levental-v.xml,1
Godard,Gaidai,levental-i.xml,1
Godard,Riazanov,levental-i.xml,1
Godard,Tarkovskii,levental-i.xml,1
Godard,Tarkovskii,levental-i.xml,1
Godard,Sokurov,levental-i.xml,1
Godard,Serebrennikov,levental-i.xml,1
Godard,popogrebskii,levental-i.xml,1
Godard,Visconti,levental-i.xml,1
Godard,Antonioni,levental-i.xml,1
Godard,Pasolini,levental-i.xml,1
Godard,Bergman,levental-i.xml,1
Godard,Fellini,levental-i.xml,1
Godard,Lynch,levental-i.xml,1
Godard,Jarmusch,levental-i.xml,1
Godard,Aronofsky,levental-i.xml,1
Godard,vonTrier,levental-i.xml,1
Godard,Binoche,levental-i.xml,1
Godard,Kar-wai,levental-i.xml,1
Godard,Malkovich,levental-i.xml,1
Godard,Bellucci,levental-i.xml,1
Godard,Noe,levental-i.xml,1
Godard,Cassel,levental-i.xml,1
Godard,Daneliia,levental-i.xml,1
Godard,Solovyov,levental-i.xml,1
Godard,Drubich,levental-i.xml,1
Bergman,Gaidai,levental-i.xml,1
Bergman,Mikhalkov,sorkina.xml,1
Bergman,Riazanov,levental-i.xml,2
Bergman,Riazanov,sorkina.xml,2
Bergman,Tarkovskii,levental-i.xml,1
Bergman,Tarkovskii,levental-i.xml,2
Bergman,Tarkovskii,sorkina.xml,2
Bergman,Sokurov,levental-i.xml,1
Bergman,Serebrennikov,levental-i.xml,1
Bergman,popogrebskii,levental-i.xml,1
Bergman,Visconti,levental-i.xml,1
Bergman,Antonioni,levental-i.xml,2
Bergman,Antonioni,sorkina.xml,2
Bergman,Pasolini,levental-i.xml,1
Bergman,Godard,levental-i.xml,1
Bergman,Fellini,levental-i.xml,2
Bergman,Fellini,sorkina.xml,2
Bergman,Lynch,levental-i.xml,1
Bergman,Jarmusch,levental-i.xml,1
Bergman,Aronofsky,levental-i.xml,1
Bergman,vonTrier,levental-i.xml,1
Bergman,Binoche,levental-i.xml,1
Bergman,Kar-wai,levental-i.xml,2
Bergman,Kar-wai,sorkina.xml,2
Bergman,Malkovich,levental-i.xml,1
Bergman,Bellucci,levental-i.xml,1
Bergman,Noe,levental-i.xml,1
Bergman,Cassel,levental-i.xml,1
Bergman,Daneliia,levental-i.xml,1
Bergman,Solovyov,levental-i.xml,1
Bergman,Drubich,levental-i.xml,1
Bergman,Peck,sorkina.xml,1
Bergman,Hepburn,sorkina.xml,1
Bergman,Verne,sorkina.xml,1
Bergman,Allen,sorkina.xml,1
Bergman,Forman,sorkina.xml,1
Bergman,Guerra,sorkina.xml,1
Bergman,Almodovar,sorkina.xml,1
Bergman,Mamonov,sorkina.xml,1
Bergman,Menshov,sorkina.xml,1
Fellini,Bondarchuk,levental-v.xml,1
Fellini,Gaidai,levental-i.xml,1
Fellini,Mikhalkov,sorkina.xml,1
Fellini,Riazanov,levental-i.xml,2
Fellini,Riazanov,sorkina.xml,2
Fellini,Tarkovskii,levental-i.xml,1
Fellini,Tarkovskii,levental-i.xml,3
Fellini,Tarkovskii,levental-v.xml,3
Fellini,Tarkovskii,sorkina.xml,3
Fellini,Sokurov,levental-i.xml,1
Fellini,Serebrennikov,levental-i.xml,1
Fellini,popogrebskii,levental-i.xml,1
Fellini,Visconti,levental-i.xml,1
Fellini,Antonioni,levental-i.xml,2
Fellini,Antonioni,sorkina.xml,2
Fellini,Pasolini,levental-i.xml,2
Fellini,Pasolini,levental-v.xml,2
Fellini,Godard,levental-i.xml,1
Fellini,Bergman,levental-i.xml,2
Fellini,Bergman,sorkina.xml,2
Fellini,Lynch,levental-i.xml,2
Fellini,Lynch,levental-v.xml,2
Fellini,Jarmusch,levental-i.xml,1
Fellini,Aronofsky,levental-i.xml,1
Fellini,vonTrier,levental-i.xml,2
Fellini,vonTrier,levental-v.xml,2
Fellini,Binoche,levental-i.xml,1
Fellini,Kar-wai,levental-i.xml,2
Fellini,Kar-wai,sorkina.xml,2
Fellini,Malkovich,levental-i.xml,1
Fellini,Bellucci,levental-i.xml,1
Fellini,Noe,levental-i.xml,1
Fellini,Cassel,levental-i.xml,1
Fellini,Daneliia,levental-i.xml,1
Fellini,Solovyov,levental-i.xml,1
Fellini,Drubich,levental-i.xml,1
Fellini,Lee,levental-v.xml,1
Fellini,Rubinchik,levental-v.xml,1
Fellini,Cruise,levental-v.xml,1
Fellini,Hopkins,levental-v.xml,1
Fellini,Eisenstein,levental-v.xml,1
Fellini,Vertov,levental-v.xml,1
Fellini,Bertolucci,levental-v.xml,1
Fellini,Greenaway,levental-v.xml,1
Fellini,Carax,levental-v.xml,1
Fellini,Jackson,levental-v.xml,1
Fellini,Trofimenkov,levental-v.xml,1
Fellini,Volobuev,levental-v.xml,1
Fellini,Chuviliaev,levental-v.xml,1
Fellini,Peck,sorkina.xml,1
Fellini,Hepburn,sorkina.xml,1
Fellini,Verne,sorkina.xml,1
Fellini,Allen,sorkina.xml,1
Fellini,Forman,sorkina.xml,1
Fellini,Guerra,sorkina.xml,1
Fellini,Almodovar,sorkina.xml,1
Fellini,Mamonov,sorkina.xml,1
Fellini,Menshov,sorkina.xml,1
Lynch,Bondarchuk,levental-v.xml,1
Lynch,Gaidai,levental-i.xml,1
Lynch,Riazanov,levental-i.xml,1
Lynch,Tarkovskii,levental-i.xml,1
Lynch,Tarkovskii,levental-i.xml,2
Lynch,Tarkovskii,levental-v.xml,2
Lynch,Sokurov,levental-i.xml,1
Lynch,Serebrennikov,levental-i.xml,1
Lynch,popogrebskii,levental-i.xml,1
Lynch,Visconti,levental-i.xml,1
Lynch,Antonioni,levental-i.xml,1
Lynch,Pasolini,levental-i.xml,2
Lynch,Pasolini,levental-v.xml,2
Lynch,Godard,levental-i.xml,1
Lynch,Bergman,levental-i.xml,1
Lynch,Fellini,levental-i.xml,2
Lynch,Fellini,levental-v.xml,2
Lynch,Jarmusch,levental-i.xml,1
Lynch,Aronofsky,levental-i.xml,1
Lynch,vonTrier,levental-i.xml,2
Lynch,vonTrier,levental-v.xml,2
Lynch,Binoche,levental-i.xml,1
Lynch,Kar-wai,levental-i.xml,1
Lynch,Malkovich,levental-i.xml,1
Lynch,Bellucci,levental-i.xml,1
Lynch,Noe,levental-i.xml,1
Lynch,Cassel,levental-i.xml,1
Lynch,Daneliia,levental-i.xml,1
Lynch,Solovyov,levental-i.xml,1
Lynch,Drubich,levental-i.xml,1
Lynch,Lee,levental-v.xml,1
Lynch,Rubinchik,levental-v.xml,1
Lynch,Cruise,levental-v.xml,1
Lynch,Hopkins,levental-v.xml,1
Lynch,Eisenstein,levental-v.xml,1
Lynch,Vertov,levental-v.xml,1
Lynch,Bertolucci,levental-v.xml,1
Lynch,Greenaway,levental-v.xml,1
Lynch,Carax,levental-v.xml,1
Lynch,Jackson,levental-v.xml,1
Lynch,Trofimenkov,levental-v.xml,1
Lynch,Volobuev,levental-v.xml,1
Lynch,Chuviliaev,levental-v.xml,1
Jarmusch,Gaidai,levental-i.xml,1
Jarmusch,Riazanov,levental-i.xml,1
Jarmusch,Tarkovskii,levental-i.xml,1
Jarmusch,Tarkovskii,levental-i.xml,1
Jarmusch,Sokurov,levental-i.xml,1
Jarmusch,Serebrennikov,levental-i.xml,1
Jarmusch,popogrebskii,levental-i.xml,1
Jarmusch,Visconti,levental-i.xml,1
Jarmusch,Antonioni,levental-i.xml,1
Jarmusch,Pasolini,levental-i.xml,1
Jarmusch,Godard,levental-i.xml,1
Jarmusch,Bergman,levental-i.xml,1
Jarmusch,Fellini,levental-i.xml,1
Jarmusch,Lynch,levental-i.xml,1
Jarmusch,Aronofsky,levental-i.xml,1
Jarmusch,vonTrier,levental-i.xml,1
Jarmusch,Binoche,levental-i.xml,1
Jarmusch,Kar-wai,levental-i.xml,1
Jarmusch,Malkovich,levental-i.xml,1
Jarmusch,Bellucci,levental-i.xml,1
Jarmusch,Noe,levental-i.xml,1
Jarmusch,Cassel,levental-i.xml,1
Jarmusch,Daneliia,levental-i.xml,1
Jarmusch,Solovyov,levental-i.xml,1
Jarmusch,Drubich,levental-i.xml,1
Aronofsky,Gaidai,levental-i.xml,1
Aronofsky,Riazanov,levental-i.xml,1
Aronofsky,Tarkovskii,levental-i.xml,1
Aronofsky,Tarkovskii,levental-i.xml,1
Aronofsky,Sokurov,levental-i.xml,1
Aronofsky,Serebrennikov,levental-i.xml,1
Aronofsky,popogrebskii,levental-i.xml,1
Aronofsky,Visconti,levental-i.xml,1
Aronofsky,Antonioni,levental-i.xml,1
Aronofsky,Pasolini,levental-i.xml,1
Aronofsky,Godard,levental-i.xml,1
Aronofsky,Bergman,levental-i.xml,1
Aronofsky,Fellini,levental-i.xml,1
Aronofsky,Lynch,levental-i.xml,1
Aronofsky,Jarmusch,levental-i.xml,1
Aronofsky,vonTrier,levental-i.xml,1
Aronofsky,Binoche,levental-i.xml,1
Aronofsky,Kar-wai,levental-i.xml,1
Aronofsky,Malkovich,levental-i.xml,1
Aronofsky,Bellucci,levental-i.xml,1
Aronofsky,Noe,levental-i.xml,1
Aronofsky,Cassel,levental-i.xml,1
Aronofsky,Daneliia,levental-i.xml,1
Aronofsky,Solovyov,levental-i.xml,1
Aronofsky,Drubich,levental-i.xml,1
vonTrier,Bondarchuk,levental-v.xml,1
vonTrier,Gaidai,levental-i.xml,1
vonTrier,Riazanov,levental-i.xml,1
vonTrier,Tarkovskii,levental-i.xml,1
vonTrier,Tarkovskii,levental-i.xml,2
vonTrier,Tarkovskii,levental-v.xml,2
vonTrier,Sokurov,levental-i.xml,1
vonTrier,Serebrennikov,levental-i.xml,1
vonTrier,popogrebskii,levental-i.xml,1
vonTrier,Visconti,levental-i.xml,1
vonTrier,Antonioni,levental-i.xml,1
vonTrier,Pasolini,levental-i.xml,2
vonTrier,Pasolini,levental-v.xml,2
vonTrier,Godard,levental-i.xml,1
vonTrier,Bergman,levental-i.xml,1
vonTrier,Fellini,levental-i.xml,2
vonTrier,Fellini,levental-v.xml,2
vonTrier,Lynch,levental-i.xml,2
vonTrier,Lynch,levental-v.xml,2
vonTrier,Jarmusch,levental-i.xml,1
vonTrier,Aronofsky,levental-i.xml,1
vonTrier,Binoche,levental-i.xml,1
vonTrier,Kar-wai,levental-i.xml,1
vonTrier,Malkovich,levental-i.xml,1
vonTrier,Bellucci,levental-i.xml,1
vonTrier,Noe,levental-i.xml,1
vonTrier,Cassel,levental-i.xml,1
vonTrier,Daneliia,levental-i.xml,1
vonTrier,Solovyov,levental-i.xml,1
vonTrier,Drubich,levental-i.xml,1
vonTrier,Lee,levental-v.xml,1
vonTrier,Rubinchik,levental-v.xml,1
vonTrier,Cruise,levental-v.xml,1
vonTrier,Hopkins,levental-v.xml,1
vonTrier,Eisenstein,levental-v.xml,1
vonTrier,Vertov,levental-v.xml,1
vonTrier,Bertolucci,levental-v.xml,1
vonTrier,Greenaway,levental-v.xml,1
vonTrier,Carax,levental-v.xml,1
vonTrier,Jackson,levental-v.xml,1
vonTrier,Trofimenkov,levental-v.xml,1
vonTrier,Volobuev,levental-v.xml,1
vonTrier,Chuviliaev,levental-v.xml,1
Binoche,Gaidai,levental-i.xml,1
Binoche,Riazanov,levental-i.xml,1
Binoche,Tarkovskii,levental-i.xml,1
Binoche,Tarkovskii,levental-i.xml,1
Binoche,Sokurov,levental-i.xml,1
Binoche,Serebrennikov,levental-i.xml,1
Binoche,popogrebskii,levental-i.xml,1
Binoche,Visconti,levental-i.xml,1
Binoche,Antonioni,levental-i.xml,1
Binoche,Pasolini,levental-i.xml,1
Binoche,Godard,levental-i.xml,1
Binoche,Bergman,levental-i.xml,1
Binoche,Fellini,levental-i.xml,1
Binoche,Lynch,levental-i.xml,1
Binoche,Jarmusch,levental-i.xml,1
Binoche,Aronofsky,levental-i.xml,1
Binoche,vonTrier,levental-i.xml,1
Binoche,Kar-wai,levental-i.xml,1
Binoche,Malkovich,levental-i.xml,1
Binoche,Bellucci,levental-i.xml,1
Binoche,Noe,levental-i.xml,1
Binoche,Cassel,levental-i.xml,1
Binoche,Daneliia,levental-i.xml,1
Binoche,Solovyov,levental-i.xml,1
Binoche,Drubich,levental-i.xml,1
Kar-wai,Gaidai,levental-i.xml,1
Kar-wai,Mikhalkov,sorkina.xml,1
Kar-wai,Riazanov,levental-i.xml,2
Kar-wai,Riazanov,sorkina.xml,2
Kar-wai,Tarkovskii,levental-i.xml,1
Kar-wai,Tarkovskii,levental-i.xml,2
Kar-wai,Tarkovskii,sorkina.xml,2
Kar-wai,Sokurov,levental-i.xml,1
Kar-wai,Serebrennikov,levental-i.xml,1
Kar-wai,popogrebskii,levental-i.xml,1
Kar-wai,Visconti,levental-i.xml,1
Kar-wai,Antonioni,levental-i.xml,2
Kar-wai,Antonioni,sorkina.xml,2
Kar-wai,Pasolini,levental-i.xml,1
Kar-wai,Godard,levental-i.xml,1
Kar-wai,Bergman,levental-i.xml,2
Kar-wai,Bergman,sorkina.xml,2
Kar-wai,Fellini,levental-i.xml,2
Kar-wai,Fellini,sorkina.xml,2
Kar-wai,Lynch,levental-i.xml,1
Kar-wai,Jarmusch,levental-i.xml,1
Kar-wai,Aronofsky,levental-i.xml,1
Kar-wai,vonTrier,levental-i.xml,1
Kar-wai,Binoche,levental-i.xml,1
Kar-wai,Malkovich,levental-i.xml,1
Kar-wai,Bellucci,levental-i.xml,1
Kar-wai,Noe,levental-i.xml,1
Kar-wai,Cassel,levental-i.xml,1
Kar-wai,Daneliia,levental-i.xml,1
Kar-wai,Solovyov,levental-i.xml,1
Kar-wai,Drubich,levental-i.xml,1
Kar-wai,Peck,sorkina.xml,1
Kar-wai,Hepburn,sorkina.xml,1
Kar-wai,Verne,sorkina.xml,1
Kar-wai,Allen,sorkina.xml,1
Kar-wai,Forman,sorkina.xml,1
Kar-wai,Guerra,sorkina.xml,1
Kar-wai,Almodovar,sorkina.xml,1
Kar-wai,Mamonov,sorkina.xml,1
Kar-wai,Menshov,sorkina.xml,1
Malkovich,Gaidai,levental-i.xml,1
Malkovich,Riazanov,levental-i.xml,1
Malkovich,Tarkovskii,levental-i.xml,1
Malkovich,Tarkovskii,levental-i.xml,1
Malkovich,Sokurov,levental-i.xml,1
Malkovich,Serebrennikov,levental-i.xml,1
Malkovich,popogrebskii,levental-i.xml,1
Malkovich,Visconti,levental-i.xml,1
Malkovich,Antonioni,levental-i.xml,1
Malkovich,Pasolini,levental-i.xml,1
Malkovich,Godard,levental-i.xml,1
Malkovich,Bergman,levental-i.xml,1
Malkovich,Fellini,levental-i.xml,1
Malkovich,Lynch,levental-i.xml,1
Malkovich,Jarmusch,levental-i.xml,1
Malkovich,Aronofsky,levental-i.xml,1
Malkovich,vonTrier,levental-i.xml,1
Malkovich,Binoche,levental-i.xml,1
Malkovich,Kar-wai,levental-i.xml,1
Malkovich,Bellucci,levental-i.xml,1
Malkovich,Noe,levental-i.xml,1
Malkovich,Cassel,levental-i.xml,1
Malkovich,Daneliia,levental-i.xml,1
Malkovich,Solovyov,levental-i.xml,1
Malkovich,Drubich,levental-i.xml,1
Bellucci,Gaidai,levental-i.xml,1
Bellucci,Riazanov,levental-i.xml,1
Bellucci,Tarkovskii,levental-i.xml,1
Bellucci,Tarkovskii,levental-i.xml,1
Bellucci,Sokurov,levental-i.xml,1
Bellucci,Serebrennikov,levental-i.xml,1
Bellucci,popogrebskii,levental-i.xml,1
Bellucci,Visconti,levental-i.xml,1
Bellucci,Antonioni,levental-i.xml,1
Bellucci,Pasolini,levental-i.xml,1
Bellucci,Godard,levental-i.xml,1
Bellucci,Bergman,levental-i.xml,1
Bellucci,Fellini,levental-i.xml,1
Bellucci,Lynch,levental-i.xml,1
Bellucci,Jarmusch,levental-i.xml,1
Bellucci,Aronofsky,levental-i.xml,1
Bellucci,vonTrier,levental-i.xml,1
Bellucci,Binoche,levental-i.xml,1
Bellucci,Kar-wai,levental-i.xml,1
Bellucci,Malkovich,levental-i.xml,1
Bellucci,Noe,levental-i.xml,1
Bellucci,Cassel,levental-i.xml,1
Bellucci,Daneliia,levental-i.xml,1
Bellucci,Solovyov,levental-i.xml,1
Bellucci,Drubich,levental-i.xml,1
Noe,Gaidai,levental-i.xml,1
Noe,Riazanov,levental-i.xml,1
Noe,Tarkovskii,levental-i.xml,1
Noe,Tarkovskii,levental-i.xml,1
Noe,Sokurov,levental-i.xml,1
Noe,Serebrennikov,levental-i.xml,1
Noe,popogrebskii,levental-i.xml,1
Noe,Visconti,levental-i.xml,1
Noe,Antonioni,levental-i.xml,1
Noe,Pasolini,levental-i.xml,1
Noe,Godard,levental-i.xml,1
Noe,Bergman,levental-i.xml,1
Noe,Fellini,levental-i.xml,1
Noe,Lynch,levental-i.xml,1
Noe,Jarmusch,levental-i.xml,1
Noe,Aronofsky,levental-i.xml,1
Noe,vonTrier,levental-i.xml,1
Noe,Binoche,levental-i.xml,1
Noe,Kar-wai,levental-i.xml,1
Noe,Malkovich,levental-i.xml,1
Noe,Bellucci,levental-i.xml,1
Noe,Cassel,levental-i.xml,1
Noe,Daneliia,levental-i.xml,1
Noe,Solovyov,levental-i.xml,1
Noe,Drubich,levental-i.xml,1
Cassel,Gaidai,levental-i.xml,1
Cassel,Riazanov,levental-i.xml,1
Cassel,Tarkovskii,levental-i.xml,1
Cassel,Tarkovskii,levental-i.xml,1
Cassel,Sokurov,levental-i.xml,1
Cassel,Serebrennikov,levental-i.xml,1
Cassel,popogrebskii,levental-i.xml,1
Cassel,Visconti,levental-i.xml,1
Cassel,Antonioni,levental-i.xml,1
Cassel,Pasolini,levental-i.xml,1
Cassel,Godard,levental-i.xml,1
Cassel,Bergman,levental-i.xml,1
Cassel,Fellini,levental-i.xml,1
Cassel,Lynch,levental-i.xml,1
Cassel,Jarmusch,levental-i.xml,1
Cassel,Aronofsky,levental-i.xml,1
Cassel,vonTrier,levental-i.xml,1
Cassel,Binoche,levental-i.xml,1
Cassel,Kar-wai,levental-i.xml,1
Cassel,Malkovich,levental-i.xml,1
Cassel,Bellucci,levental-i.xml,1
Cassel,Noe,levental-i.xml,1
Cassel,Daneliia,levental-i.xml,1
Cassel,Solovyov,levental-i.xml,1
Cassel,Drubich,levental-i.xml,1
Daneliia,Gaidai,levental-i.xml,1
Daneliia,Riazanov,levental-i.xml,1
Daneliia,Tarkovskii,levental-i.xml,1
Daneliia,Tarkovskii,levental-i.xml,1
Daneliia,Sokurov,levental-i.xml,1
Daneliia,Serebrennikov,levental-i.xml,1
Daneliia,popogrebskii,levental-i.xml,1
Daneliia,Visconti,levental-i.xml,1
Daneliia,Antonioni,levental-i.xml,1
Daneliia,Pasolini,levental-i.xml,1
Daneliia,Godard,levental-i.xml,1
Daneliia,Bergman,levental-i.xml,1
Daneliia,Fellini,levental-i.xml,1
Daneliia,Lynch,levental-i.xml,1
Daneliia,Jarmusch,levental-i.xml,1
Daneliia,Aronofsky,levental-i.xml,1
Daneliia,vonTrier,levental-i.xml,1
Daneliia,Binoche,levental-i.xml,1
Daneliia,Kar-wai,levental-i.xml,1
Daneliia,Malkovich,levental-i.xml,1
Daneliia,Bellucci,levental-i.xml,1
Daneliia,Noe,levental-i.xml,1
Daneliia,Cassel,levental-i.xml,1
Daneliia,Solovyov,levental-i.xml,1
Daneliia,Drubich,levental-i.xml,1
Solovyov,Gaidai,levental-i.xml,1
Solovyov,Riazanov,levental-i.xml,1
Solovyov,Tarkovskii,levental-i.xml,1
Solovyov,Tarkovskii,levental-i.xml,1
Solovyov,Sokurov,levental-i.xml,1
Solovyov,Serebrennikov,levental-i.xml,1
Solovyov,popogrebskii,levental-i.xml,1
Solovyov,Visconti,levental-i.xml,1
Solovyov,Antonioni,levental-i.xml,1
Solovyov,Pasolini,levental-i.xml,1
Solovyov,Godard,levental-i.xml,1
Solovyov,Bergman,levental-i.xml,1
Solovyov,Fellini,levental-i.xml,1
Solovyov,Lynch,levental-i.xml,1
Solovyov,Jarmusch,levental-i.xml,1
Solovyov,Aronofsky,levental-i.xml,1
Solovyov,vonTrier,levental-i.xml,1
Solovyov,Binoche,levental-i.xml,1
Solovyov,Kar-wai,levental-i.xml,1
Solovyov,Malkovich,levental-i.xml,1
Solovyov,Bellucci,levental-i.xml,1
Solovyov,Noe,levental-i.xml,1
Solovyov,Cassel,levental-i.xml,1
Solovyov,Daneliia,levental-i.xml,1
Solovyov,Drubich,levental-i.xml,1
Drubich,Gaidai,levental-i.xml,1
Drubich,Riazanov,levental-i.xml,1
Drubich,Tarkovskii,levental-i.xml,1
Drubich,Tarkovskii,levental-i.xml,1
Drubich,Sokurov,levental-i.xml,1
Drubich,Serebrennikov,levental-i.xml,1
Drubich,popogrebskii,levental-i.xml,1
Drubich,Visconti,levental-i.xml,1
Drubich,Antonioni,levental-i.xml,1
Drubich,Pasolini,levental-i.xml,1
Drubich,Godard,levental-i.xml,1
Drubich,Bergman,levental-i.xml,1
Drubich,Fellini,levental-i.xml,1
Drubich,Lynch,levental-i.xml,1
Drubich,Jarmusch,levental-i.xml,1
Drubich,Aronofsky,levental-i.xml,1
Drubich,vonTrier,levental-i.xml,1
Drubich,Binoche,levental-i.xml,1
Drubich,Kar-wai,levental-i.xml,1
Drubich,Malkovich,levental-i.xml,1
Drubich,Bellucci,levental-i.xml,1
Drubich,Noe,levental-i.xml,1
Drubich,Cassel,levental-i.xml,1
Drubich,Daneliia,levental-i.xml,1
Drubich,Solovyov,levental-i.xml,1
Lee,Bondarchuk,levental-v.xml,1
Lee,Tarkovskii,levental-v.xml,1
Lee,Pasolini,levental-v.xml,1
Lee,Fellini,levental-v.xml,1
Lee,Lynch,levental-v.xml,1
Lee,vonTrier,levental-v.xml,1
Lee,Rubinchik,levental-v.xml,1
Lee,Cruise,levental-v.xml,1
Lee,Hopkins,levental-v.xml,1
Lee,Eisenstein,levental-v.xml,1
Lee,Vertov,levental-v.xml,1
Lee,Bertolucci,levental-v.xml,1
Lee,Greenaway,levental-v.xml,1
Lee,Carax,levental-v.xml,1
Lee,Jackson,levental-v.xml,1
Lee,Trofimenkov,levental-v.xml,1
Lee,Volobuev,levental-v.xml,1
Lee,Chuviliaev,levental-v.xml,1
Rubinchik,Bondarchuk,levental-v.xml,1
Rubinchik,Tarkovskii,levental-v.xml,1
Rubinchik,Pasolini,levental-v.xml,1
Rubinchik,Fellini,levental-v.xml,1
Rubinchik,Lynch,levental-v.xml,1
Rubinchik,vonTrier,levental-v.xml,1
Rubinchik,Lee,levental-v.xml,1
Rubinchik,Cruise,levental-v.xml,1
Rubinchik,Hopkins,levental-v.xml,1
Rubinchik,Eisenstein,levental-v.xml,1
Rubinchik,Vertov,levental-v.xml,1
Rubinchik,Bertolucci,levental-v.xml,1
Rubinchik,Greenaway,levental-v.xml,1
Rubinchik,Carax,levental-v.xml,1
Rubinchik,Jackson,levental-v.xml,1
Rubinchik,Trofimenkov,levental-v.xml,1
Rubinchik,Volobuev,levental-v.xml,1
Rubinchik,Chuviliaev,levental-v.xml,1
Cruise,Bondarchuk,levental-v.xml,1
Cruise,Tarkovskii,levental-v.xml,1
Cruise,Pasolini,levental-v.xml,1
Cruise,Fellini,levental-v.xml,1
Cruise,Lynch,levental-v.xml,1
Cruise,vonTrier,levental-v.xml,1
Cruise,Lee,levental-v.xml,1
Cruise,Rubinchik,levental-v.xml,1
Cruise,Hopkins,levental-v.xml,1
Cruise,Eisenstein,levental-v.xml,1
Cruise,Vertov,levental-v.xml,1
Cruise,Bertolucci,levental-v.xml,1
Cruise,Greenaway,levental-v.xml,1
Cruise,Carax,levental-v.xml,1
Cruise,Jackson,levental-v.xml,1
Cruise,Trofimenkov,levental-v.xml,1
Cruise,Volobuev,levental-v.xml,1
Cruise,Chuviliaev,levental-v.xml,1
Hopkins,Bondarchuk,levental-v.xml,1
Hopkins,Tarkovskii,levental-v.xml,1
Hopkins,Pasolini,levental-v.xml,1
Hopkins,Fellini,levental-v.xml,1
Hopkins,Lynch,levental-v.xml,1
Hopkins,vonTrier,levental-v.xml,1
Hopkins,Lee,levental-v.xml,1
Hopkins,Rubinchik,levental-v.xml,1
Hopkins,Cruise,levental-v.xml,1
Hopkins,Eisenstein,levental-v.xml,1
Hopkins,Vertov,levental-v.xml,1
Hopkins,Bertolucci,levental-v.xml,1
Hopkins,Greenaway,levental-v.xml,1
Hopkins,Carax,levental-v.xml,1
Hopkins,Jackson,levental-v.xml,1
Hopkins,Trofimenkov,levental-v.xml,1
Hopkins,Volobuev,levental-v.xml,1
Hopkins,Chuviliaev,levental-v.xml,1
Eisenstein,Bondarchuk,levental-v.xml,1
Eisenstein,Tarkovskii,levental-v.xml,1
Eisenstein,Pasolini,levental-v.xml,1
Eisenstein,Fellini,levental-v.xml,1
Eisenstein,Lynch,levental-v.xml,1
Eisenstein,vonTrier,levental-v.xml,1
Eisenstein,Lee,levental-v.xml,1
Eisenstein,Rubinchik,levental-v.xml,1
Eisenstein,Cruise,levental-v.xml,1
Eisenstein,Hopkins,levental-v.xml,1
Eisenstein,Vertov,levental-v.xml,1
Eisenstein,Bertolucci,levental-v.xml,1
Eisenstein,Greenaway,levental-v.xml,1
Eisenstein,Carax,levental-v.xml,1
Eisenstein,Jackson,levental-v.xml,1
Eisenstein,Trofimenkov,levental-v.xml,1
Eisenstein,Volobuev,levental-v.xml,1
Eisenstein,Chuviliaev,levental-v.xml,1
Vertov,Bondarchuk,levental-v.xml,1
Vertov,Tarkovskii,levental-v.xml,1
Vertov,Pasolini,levental-v.xml,1
Vertov,Fellini,levental-v.xml,1
Vertov,Lynch,levental-v.xml,1
Vertov,vonTrier,levental-v.xml,1
Vertov,Lee,levental-v.xml,1
Vertov,Rubinchik,levental-v.xml,1
Vertov,Cruise,levental-v.xml,1
Vertov,Hopkins,levental-v.xml,1
Vertov,Eisenstein,levental-v.xml,1
Vertov,Bertolucci,levental-v.xml,1
Vertov,Greenaway,levental-v.xml,1
Vertov,Carax,levental-v.xml,1
Vertov,Jackson,levental-v.xml,1
Vertov,Trofimenkov,levental-v.xml,1
Vertov,Volobuev,levental-v.xml,1
Vertov,Chuviliaev,levental-v.xml,1
Bertolucci,Bondarchuk,levental-v.xml,1
Bertolucci,Tarkovskii,levental-v.xml,1
Bertolucci,Pasolini,levental-v.xml,1
Bertolucci,Fellini,levental-v.xml,1
Bertolucci,Lynch,levental-v.xml,1
Bertolucci,vonTrier,levental-v.xml,1
Bertolucci,Lee,levental-v.xml,1
Bertolucci,Rubinchik,levental-v.xml,1
Bertolucci,Cruise,levental-v.xml,1
Bertolucci,Hopkins,levental-v.xml,1
Bertolucci,Eisenstein,levental-v.xml,1
Bertolucci,Vertov,levental-v.xml,1
Bertolucci,Greenaway,levental-v.xml,1
Bertolucci,Carax,levental-v.xml,1
Bertolucci,Jackson,levental-v.xml,1
Bertolucci,Trofimenkov,levental-v.xml,1
Bertolucci,Volobuev,levental-v.xml,1
Bertolucci,Chuviliaev,levental-v.xml,1
Greenaway,Bondarchuk,levental-v.xml,1
Greenaway,Tarkovskii,levental-v.xml,1
Greenaway,Pasolini,levental-v.xml,1
Greenaway,Fellini,levental-v.xml,1
Greenaway,Lynch,levental-v.xml,1
Greenaway,vonTrier,levental-v.xml,1
Greenaway,Lee,levental-v.xml,1
Greenaway,Rubinchik,levental-v.xml,1
Greenaway,Cruise,levental-v.xml,1
Greenaway,Hopkins,levental-v.xml,1
Greenaway,Eisenstein,levental-v.xml,1
Greenaway,Vertov,levental-v.xml,1
Greenaway,Bertolucci,levental-v.xml,1
Greenaway,Carax,levental-v.xml,1
Greenaway,Jackson,levental-v.xml,1
Greenaway,Trofimenkov,levental-v.xml,1
Greenaway,Volobuev,levental-v.xml,1
Greenaway,Chuviliaev,levental-v.xml,1
Carax,Bondarchuk,levental-v.xml,1
Carax,Tarkovskii,levental-v.xml,1
Carax,Pasolini,levental-v.xml,1
Carax,Fellini,levental-v.xml,1
Carax,Lynch,levental-v.xml,1
Carax,vonTrier,levental-v.xml,1
Carax,Lee,levental-v.xml,1
Carax,Rubinchik,levental-v.xml,1
Carax,Cruise,levental-v.xml,1
Carax,Hopkins,levental-v.xml,1
Carax,Eisenstein,levental-v.xml,1
Carax,Vertov,levental-v.xml,1
Carax,Bertolucci,levental-v.xml,1
Carax,Greenaway,levental-v.xml,1
Carax,Jackson,levental-v.xml,1
Carax,Trofimenkov,levental-v.xml,1
Carax,Volobuev,levental-v.xml,1
Carax,Chuviliaev,levental-v.xml,1
Jackson,Bondarchuk,levental-v.xml,1
Jackson,Tarkovskii,levental-v.xml,1
Jackson,Pasolini,levental-v.xml,1
Jackson,Fellini,levental-v.xml,1
Jackson,Lynch,levental-v.xml,1
Jackson,vonTrier,levental-v.xml,1
Jackson,Lee,levental-v.xml,1
Jackson,Rubinchik,levental-v.xml,1
Jackson,Cruise,levental-v.xml,1
Jackson,Hopkins,levental-v.xml,1
Jackson,Eisenstein,levental-v.xml,1
Jackson,Vertov,levental-v.xml,1
Jackson,Bertolucci,levental-v.xml,1
Jackson,Greenaway,levental-v.xml,1
Jackson,Carax,levental-v.xml,1
Jackson,Trofimenkov,levental-v.xml,1
Jackson,Volobuev,levental-v.xml,1
Jackson,Chuviliaev,levental-v.xml,1
Trofimenkov,Bondarchuk,levental-v.xml,1
Trofimenkov,Tarkovskii,levental-v.xml,1
Trofimenkov,Pasolini,levental-v.xml,1
Trofimenkov,Fellini,levental-v.xml,1
Trofimenkov,Lynch,levental-v.xml,1
Trofimenkov,vonTrier,levental-v.xml,1
Trofimenkov,Lee,levental-v.xml,1
Trofimenkov,Rubinchik,levental-v.xml,1
Trofimenkov,Cruise,levental-v.xml,1
Trofimenkov,Hopkins,levental-v.xml,1
Trofimenkov,Eisenstein,levental-v.xml,1
Trofimenkov,Vertov,levental-v.xml,1
Trofimenkov,Bertolucci,levental-v.xml,1
Trofimenkov,Greenaway,levental-v.xml,1
Trofimenkov,Carax,levental-v.xml,1
Trofimenkov,Jackson,levental-v.xml,1
Trofimenkov,Volobuev,levental-v.xml,1
Trofimenkov,Chuviliaev,levental-v.xml,1
Volobuev,Bondarchuk,levental-v.xml,1
Volobuev,Tarkovskii,levental-v.xml,1
Volobuev,Pasolini,levental-v.xml,1
Volobuev,Fellini,levental-v.xml,1
Volobuev,Lynch,levental-v.xml,1
Volobuev,vonTrier,levental-v.xml,1
Volobuev,Lee,levental-v.xml,1
Volobuev,Rubinchik,levental-v.xml,1
Volobuev,Cruise,levental-v.xml,1
Volobuev,Hopkins,levental-v.xml,1
Volobuev,Eisenstein,levental-v.xml,1
Volobuev,Vertov,levental-v.xml,1
Volobuev,Bertolucci,levental-v.xml,1
Volobuev,Greenaway,levental-v.xml,1
Volobuev,Carax,levental-v.xml,1
Volobuev,Jackson,levental-v.xml,1
Volobuev,Trofimenkov,levental-v.xml,1
Volobuev,Chuviliaev,levental-v.xml,1
Chuviliaev,Bondarchuk,levental-v.xml,1
Chuviliaev,Tarkovskii,levental-v.xml,1
Chuviliaev,Pasolini,levental-v.xml,1
Chuviliaev,Fellini,levental-v.xml,1
Chuviliaev,Lynch,levental-v.xml,1
Chuviliaev,vonTrier,levental-v.xml,1
Chuviliaev,Lee,levental-v.xml,1
Chuviliaev,Rubinchik,levental-v.xml,1
Chuviliaev,Cruise,levental-v.xml,1
Chuviliaev,Hopkins,levental-v.xml,1
Chuviliaev,Eisenstein,levental-v.xml,1
Chuviliaev,Vertov,levental-v.xml,1
Chuviliaev,Bertolucci,levental-v.xml,1
Chuviliaev,Greenaway,levental-v.xml,1
Chuviliaev,Carax,levental-v.xml,1
Chuviliaev,Jackson,levental-v.xml,1
Chuviliaev,Trofimenkov,levental-v.xml,1
Chuviliaev,Volobuev,levental-v.xml,1
deNiro,Chaplin,pavlov.xml,1
deNiro,Pacino,pavlov.xml,1
deNiro,Christie,pavlov.xml,1
Pacino,Chaplin,pavlov.xml,1
Pacino,deNiro,pavlov.xml,1
Pacino,Christie,pavlov.xml,1
Christie,Chaplin,pavlov.xml,1
Christie,deNiro,pavlov.xml,1
Christie,Pacino,pavlov.xml,1
Peck,Mikhalkov,sorkina.xml,1
Peck,Riazanov,sorkina.xml,1
Peck,Tarkovskii,sorkina.xml,1
Peck,Antonioni,sorkina.xml,1
Peck,Bergman,sorkina.xml,1
Peck,Fellini,sorkina.xml,1
Peck,Kar-wai,sorkina.xml,1
Peck,Hepburn,sorkina.xml,1
Peck,Verne,sorkina.xml,1
Peck,Allen,sorkina.xml,1
Peck,Forman,sorkina.xml,1
Peck,Guerra,sorkina.xml,1
Peck,Almodovar,sorkina.xml,1
Peck,Mamonov,sorkina.xml,1
Peck,Menshov,sorkina.xml,1
Hepburn,Mikhalkov,sorkina.xml,1
Hepburn,Riazanov,sorkina.xml,1
Hepburn,Tarkovskii,sorkina.xml,1
Hepburn,Antonioni,sorkina.xml,1
Hepburn,Bergman,sorkina.xml,1
Hepburn,Fellini,sorkina.xml,1
Hepburn,Kar-wai,sorkina.xml,1
Hepburn,Peck,sorkina.xml,1
Hepburn,Verne,sorkina.xml,1
Hepburn,Allen,sorkina.xml,1
Hepburn,Forman,sorkina.xml,1
Hepburn,Guerra,sorkina.xml,1
Hepburn,Almodovar,sorkina.xml,1
Hepburn,Mamonov,sorkina.xml,1
Hepburn,Menshov,sorkina.xml,1
Verne,Mikhalkov,sorkina.xml,1
Verne,Riazanov,sorkina.xml,1
Verne,Tarkovskii,sorkina.xml,1
Verne,Antonioni,sorkina.xml,1
Verne,Bergman,sorkina.xml,1
Verne,Fellini,sorkina.xml,1
Verne,Kar-wai,sorkina.xml,1
Verne,Peck,sorkina.xml,1
Verne,Hepburn,sorkina.xml,1
Verne,Allen,sorkina.xml,1
Verne,Forman,sorkina.xml,1
Verne,Guerra,sorkina.xml,1
Verne,Almodovar,sorkina.xml,1
Verne,Mamonov,sorkina.xml,1
Verne,Menshov,sorkina.xml,1
Allen,Mikhalkov,sorkina.xml,1
Allen,Riazanov,sorkina.xml,1
Allen,Tarkovskii,sorkina.xml,1
Allen,Antonioni,sorkina.xml,1
Allen,Bergman,sorkina.xml,1
Allen,Fellini,sorkina.xml,1
Allen,Kar-wai,sorkina.xml,1
Allen,Peck,sorkina.xml,1
Allen,Hepburn,sorkina.xml,1
Allen,Verne,sorkina.xml,1
Allen,Forman,sorkina.xml,1
Allen,Guerra,sorkina.xml,1
Allen,Almodovar,sorkina.xml,1
Allen,Mamonov,sorkina.xml,1
Allen,Menshov,sorkina.xml,1
Forman,Mikhalkov,sorkina.xml,1
Forman,Riazanov,sorkina.xml,1
Forman,Tarkovskii,sorkina.xml,1
Forman,Antonioni,sorkina.xml,1
Forman,Bergman,sorkina.xml,1
Forman,Fellini,sorkina.xml,1
Forman,Kar-wai,sorkina.xml,1
Forman,Peck,sorkina.xml,1
Forman,Hepburn,sorkina.xml,1
Forman,Verne,sorkina.xml,1
Forman,Allen,sorkina.xml,1
Forman,Guerra,sorkina.xml,1
Forman,Almodovar,sorkina.xml,1
Forman,Mamonov,sorkina.xml,1
Forman,Menshov,sorkina.xml,1
Guerra,Mikhalkov,sorkina.xml,1
Guerra,Riazanov,sorkina.xml,1
Guerra,Tarkovskii,sorkina.xml,1
Guerra,Antonioni,sorkina.xml,1
Guerra,Bergman,sorkina.xml,1
Guerra,Fellini,sorkina.xml,1
Guerra,Kar-wai,sorkina.xml,1
Guerra,Peck,sorkina.xml,1
Guerra,Hepburn,sorkina.xml,1
Guerra,Verne,sorkina.xml,1
Guerra,Allen,sorkina.xml,1
Guerra,Forman,sorkina.xml,1
Guerra,Almodovar,sorkina.xml,1
Guerra,Mamonov,sorkina.xml,1
Guerra,Menshov,sorkina.xml,1
Almodovar,Mikhalkov,sorkina.xml,1
Almodovar,Riazanov,sorkina.xml,1
Almodovar,Tarkovskii,sorkina.xml,1
Almodovar,Antonioni,sorkina.xml,1
Almodovar,Bergman,sorkina.xml,1
Almodovar,Fellini,sorkina.xml,1
Almodovar,Kar-wai,sorkina.xml,1
Almodovar,Peck,sorkina.xml,1
Almodovar,Hepburn,sorkina.xml,1
Almodovar,Verne,sorkina.xml,1
Almodovar,Allen,sorkina.xml,1
Almodovar,Forman,sorkina.xml,1
Almodovar,Guerra,sorkina.xml,1
Almodovar,Mamonov,sorkina.xml,1
Almodovar,Menshov,sorkina.xml,1
Mamonov,Mikhalkov,sorkina.xml,1
Mamonov,Riazanov,sorkina.xml,1
Mamonov,Tarkovskii,sorkina.xml,1
Mamonov,Antonioni,sorkina.xml,1
Mamonov,Bergman,sorkina.xml,1
Mamonov,Fellini,sorkina.xml,1
Mamonov,Kar-wai,sorkina.xml,1
Mamonov,Peck,sorkina.xml,1
Mamonov,Hepburn,sorkina.xml,1
Mamonov,Verne,sorkina.xml,1
Mamonov,Allen,sorkina.xml,1
Mamonov,Forman,sorkina.xml,1
Mamonov,Guerra,sorkina.xml,1
Mamonov,Almodovar,sorkina.xml,1
Mamonov,Menshov,sorkina.xml,1
Menshov,Mikhalkov,sorkina.xml,1
Menshov,Riazanov,sorkina.xml,1
Menshov,Tarkovskii,sorkina.xml,1
Menshov,Antonioni,sorkina.xml,1
Menshov,Bergman,sorkina.xml,1
Menshov,Fellini,sorkina.xml,1
Menshov,Kar-wai,sorkina.xml,1
Menshov,Peck,sorkina.xml,1
Menshov,Hepburn,sorkina.xml,1
Menshov,Verne,sorkina.xml,1
Menshov,Allen,sorkina.xml,1
Menshov,Forman,sorkina.xml,1
Menshov,Guerra,sorkina.xml,1
Menshov,Almodovar,sorkina.xml,1
Menshov,Mamonov,sorkina.xml,1
Butler,Theron,voronin.xml,1
Butler,Depp,voronin.xml,1
Butler,Carrey,voronin.xml,1
Butler,Murphy,voronin.xml,1
Theron,Butler,voronin.xml,1
Theron,Depp,voronin.xml,1
Theron,Carrey,voronin.xml,1
Theron,Murphy,voronin.xml,1
Depp,Butler,voronin.xml,1
Depp,Theron,voronin.xml,1
Depp,Carrey,voronin.xml,1
Depp,Murphy,voronin.xml,1
Carrey,Butler,voronin.xml,1
Carrey,Theron,voronin.xml,1
Carrey,Depp,voronin.xml,1
Carrey,Murphy,voronin.xml,1
Murphy,Butler,voronin.xml,1
Murphy,Theron,voronin.xml,1
Murphy,Depp,voronin.xml,1
Murphy,Carrey,voronin.xml,1